K_pct,U_ppm,Th_ppm,Cs137_Bq_kg,total_count_nGy_h,soil_type
2.675,4.452,13.091,1.957,94.73,Clay
0.711,1.258,5.789,14.952,32.31,Sandy
2.29,2.772,11.273,2.372,76.69,Loam
1.381,2.815,8.635,1.57,50.56,Silty
1.229,3.411,9.417,1.286,49.8,Loam
2.233,3.112,10.757,2.236,66.55,Loam
1.563,1.982,6.86,2.346,49.9,Silty
1.389,1.64,7.817,0.212,44.93,Clay
0.376,1.223,2.988,1.28,18.24,Sandy
1.886,3.408,10.775,2.413,76.12,Loam
0.561,1.14,3.188,0.591,20.38,Sandy
1.721,1.642,6.495,3.571,43.81,Loam
1.845,2.607,11.803,0.091,61.3,Loam
1.641,2.867,9.344,1.605,46.76,Silty
0.413,0.895,2.924,0.456,16.16,Sandy
0.607,1.221,3.932,1.955,25.12,Sandy
1.658,2.618,8.622,2.369,63.22,Silty
0.2,0.428,2.363,2.388,11.17,Sandy
2.375,5.797,16.78,0.957,106.05,Clay
2.775,4.35,15.731,9.589,98.2,Clay
1.322,2.987,10.09,5.016,51.54,Silty
2.503,4.26,12.6,0.622,71.31,Clay
1.782,2.749,9.941,1.447,61.61,Clay
1.654,4.013,11.094,2.73,70.31,Loam
3.242,4.491,16.678,1.109,106.25,Clay
0.507,0.364,3.088,3.83,14.88,Sandy
2.099,3.132,11.232,2.327,79.17,Loam
1.795,3.445,9.837,0.406,70.66,Silty
1.632,3.681,11.825,3.035,71.13,Silty
0.603,1.404,4.67,3.059,28.69,Sandy
1.393,2.08,8.942,2.281,52.93,Silty
1.913,3.269,9.129,1.023,54.25,Silty
1.691,3.327,9.258,1.069,64.17,Silty
1.475,2.592,8.474,2.489,50.55,Silty
2.132,4.091,14.653,0.788,91.3,Loam
0.537,1.365,2.762,3.264,21.67,Sandy
2.738,4.014,17.171,1.64,109.55,Clay
1.927,2.891,8.367,3.469,64.9,Loam
1.732,2.387,9.194,1.204,60.15,Loam
0.785,1.669,5.407,1.742,35.94,Sandy
0.814,1.787,5.832,1.587,35.67,Sandy
2.361,4.141,13.747,1.858,82.96,Clay
1.112,2.509,8.091,1.311,46.26,Sandy
1.316,2.303,9.576,0.147,51.71,Silty
2.06,4.321,12.636,2.558,85.32,Clay
2.001,3.528,11.952,3.196,71.52,Silty
1.695,2.114,9.757,17.236,56.74,Silty
1.586,3.248,9.651,1.107,54.84,Silty
0.829,0.898,4.36,1.319,26.69,Sandy
2.375,2.479,12.474,0.362,81.75,Clay
2.549,4.493,17.128,3.842,111.18,Clay
0.897,1.1,2.977,2.25,25.92,Sandy
1.731,3.114,11.647,1.661,75.41,Loam
0.553,0.683,3.827,0.815,21.54,Sandy
1.524,1.842,6.419,0.531,49.12,Silty
2.039,3.174,13.007,1.134,77.53,Clay
0.7,2.32,5.259,1.362,37.25,Loam
2.655,5.54,16.366,1.51,116.6,Clay
1.679,3.484,8.155,5.084,63.14,Loam
0.615,1.263,3.726,1.553,22.26,Sandy
1.499,1.863,6.743,0.045,54.15,Loam
1.522,2.237,7.084,2.284,49.04,Silty
3.15,4.623,17.728,5.6,108.92,Clay
2.348,3.466,9.549,2.039,82.75,Loam
2.214,3.44,14.17,2.24,83.93,Clay
1.86,2.927,11.464,1.631,66.52,Clay
1.083,2.65,6.9,0.196,45.94,Silty
2.521,4.094,12.663,1.497,81.79,Clay
0.347,0.935,1.784,1.35,13.94,Sandy
2.395,3.122,11.571,1.236,82.55,Loam
2.385,3.718,13.935,1.389,76.57,Loam
0.858,1.56,6.093,1.092,35.32,Sandy
1.663,3.258,11.115,8.923,56.68,Loam
1.987,2.412,10.903,4.783,69.95,Loam
0.977,2.165,5.786,0.413,40.83,Silty
0.656,1.519,3.568,1.929,24.15,Sandy
1.788,3.437,12.554,1.406,71.23,Clay
1.628,3.402,11.855,2.587,69.29,Silty
0.326,1.191,1.88,5.122,15.19,Sandy
2.034,3.691,10.11,0.804,82.43,Clay
0.295,0.498,1.982,15.204,10.09,Sandy
1.256,1.852,5.115,1.247,43.8,Silty
1.916,3.225,11.222,1.577,76.06,Loam
2.269,3.716,14.717,1.063,96.11,Clay
2.381,3.381,12.799,2.543,76.37,Clay
1.82,2.848,8.305,0.264,56.82,Loam
2.63,4.333,17.395,6.576,105.27,Clay
0.659,1.23,3.787,4.068,28.05,Sandy
0.577,1.229,4.315,4.139,25.31,Sandy
2.054,3.692,11.985,1.19,75.86,Clay
1.713,3.093,11.156,3.328,72.33,Clay
2.582,4.336,14.182,1.899,83.73,Clay
1.003,2.708,6.516,0.967,42.45,Sandy
0.461,0.876,3.257,4.834,18.77,Sandy
1.945,3.653,12.213,1.212,67.22,Clay
1.872,4.05,14.383,1.936,75.31,Clay
1.627,2.848,10.548,3.451,61.35,Silty
1.726,2.792,8.481,0.085,58.83,Loam
2.822,4.582,13.891,3.94,97.68,Clay
2.236,3.562,11.959,1.917,84.0,Clay
1.035,3.152,7.621,1.097,48.63,Silty
1.75,2.449,7.396,0.709,58.1,Silty
0.594,2.03,5.72,2.021,35.32,Sandy
1.577,3.431,9.523,0.997,67.89,Loam
0.771,1.242,3.572,3.157,26.15,Sandy
1.458,2.741,9.976,0.268,56.34,Silty
1.272,2.496,8.734,6.895,58.09,Silty
0.28,1.55,5.116,0.548,28.47,Sandy
1.075,1.491,3.407,3.878,33.4,Silty
1.973,3.406,11.237,3.434,82.08,Silty
0.956,1.791,4.995,0.792,36.42,Silty
2.252,3.416,10.492,2.397,75.21,Loam
2.316,3.944,12.045,1.227,75.02,Loam
2.742,4.426,16.067,0.199,92.16,Clay
1.702,2.362,9.46,6.099,62.47,Silty
0.718,1.17,5.292,8.398,27.96,Sandy
1.502,2.936,7.73,1.316,49.52,Loam
1.552,2.93,11.006,0.714,60.28,Silty
0.637,1.413,4.467,0.94,26.68,Sandy
2.597,5.341,13.323,0.683,89.79,Clay
2.79,4.191,15.823,1.087,100.93,Clay
1.371,3.181,8.194,3.804,56.22,Loam
2.922,3.92,11.967,8.717,83.04,Loam
0.629,1.369,5.024,0.626,28.54,Sandy
0.704,0.763,4.63,20.006,20.61,Sandy
2.446,4.092,12.362,16.126,84.97,Clay
0.464,1.244,1.855,1.833,16.67,Sandy
2.073,3.575,11.384,0.175,75.05,Silty
1.551,2.252,8.173,2.206,55.77,Loam
0.843,1.986,6.698,2.898,38.12,Sandy
2.139,3.315,13.02,1.334,77.37,Clay
2.458,4.097,11.617,4.07,80.93,Clay
1.645,2.515,7.285,0.649,50.21,Silty
1.404,1.769,9.5,2.656,47.68,Silty
1.284,2.891,9.451,4.708,55.82,Silty
0.987,2.21,7.8,0.881,41.95,Loam
2.327,3.412,12.889,0.098,72.07,Clay
1.854,3.009,11.636,1.778,72.46,Clay
2.27,4.475,12.345,1.263,85.53,Clay
2.168,4.001,15.269,8.158,90.24,Clay
2.098,2.999,9.995,1.455,73.92,Loam
0.941,0.79,4.231,1.141,28.2,Sandy
2.574,3.786,13.358,3.439,100.95,Clay
1.493,2.573,7.878,1.798,48.31,Silty
3.199,4.672,18.616,0.507,102.42,Clay
1.362,3.155,9.384,1.266,55.35,Silty
1.502,2.7,9.594,0.877,62.0,Silty
1.359,1.967,6.635,2.105,43.16,Loam
0.55,1.609,4.083,2.745,23.33,Sandy
0.562,1.318,4.982,3.213,28.32,Sandy
1.982,2.315,13.761,0.583,70.71,Clay
2.237,3.917,13.741,1.072,81.74,Silty
1.136,1.507,8.324,3.427,51.06,Silty
2.133,3.171,13.536,2.463,79.42,Loam
0.383,1.011,2.598,0.77,17.14,Sandy
0.534,1.078,4.461,2.513,26.14,Sandy
1.598,2.716,10.314,3.142,60.49,Silty
2.572,5.122,15.247,1.27,94.44,Clay
1.209,2.405,7.81,1.422,47.95,Silty
2.495,3.543,13.75,4.592,85.36,Clay
1.474,2.528,6.001,2.287,47.31,Silty
1.06,2.508,6.71,0.705,39.52,Silty
0.583,0.692,2.874,0.307,18.04,Sandy
1.723,2.866,10.1,1.389,65.48,Loam
2.276,3.704,11.521,1.806,86.7,Clay
1.147,2.49,11.004,0.987,71.59,Loam
2.176,2.817,13.663,6.89,76.29,Clay
1.951,3.421,10.096,2.169,63.4,Loam
0.116,0.538,1.544,14.416,6.84,Sandy
2.506,4.243,13.442,3.366,76.66,Clay
1.355,2.507,10.242,1.833,62.59,Loam
1.693,1.898,9.357,2.202,51.93,Silty
2.838,4.319,14.654,2.214,88.23,Clay
1.664,3.468,11.581,2.844,65.48,Clay
0.622,1.36,3.486,1.74,25.42,Sandy
1.846,2.675,12.015,4.96,57.84,Loam
2.041,3.069,12.739,14.083,82.22,Silty
1.259,2.921,9.3,0.282,54.59,Loam
1.117,3.047,8.62,2.27,54.44,Silty
2.835,4.589,17.466,3.578,107.81,Clay
1.847,3.386,14.283,3.7,81.35,Loam
1.761,2.469,9.357,1.224,60.61,Silty
2.236,3.624,13.28,0.386,85.63,Clay
1.55,2.523,8.199,8.003,56.65,Loam
1.765,3.045,10.584,4.995,67.92,Silty
1.149,2.909,7.327,1.149,46.58,Silty
2.213,3.854,15.714,4.568,88.77,Clay
2.766,4.103,14.486,17.801,95.47,Clay
1.774,3.345,10.067,2.67,58.91,Loam
1.583,1.66,8.502,0.879,52.42,Loam
2.075,2.282,8.813,7.428,51.26,Silty
0.549,0.903,3.755,0.5,20.76,Sandy
1.682,2.637,10.073,1.132,60.24,Loam
0.05,0.236,0.5,4.053,3.21,Sandy
0.565,1.606,4.51,0.599,28.47,Sandy
0.912,1.09,5.117,1.653,30.01,Sandy
1.494,2.716,9.595,1.21,56.79,Loam
1.524,3.046,11.985,1.942,63.8,Silty
1.984,3.157,9.773,2.448,67.35,Silty
2.204,2.692,12.872,5.026,69.31,Clay
2.5,4.959,16.949,2.653,103.8,Clay
1.048,2.042,8.736,1.719,45.93,Silty
1.007,1.243,4.397,0.539,32.14,Sandy
1.667,3.619,10.265,1.713,65.03,Silty
1.021,1.441,6.518,0.534,41.11,Sandy
0.775,0.961,4.232,0.803,25.59,Sandy
2.122,3.331,12.06,1.894,73.45,Loam
1.983,2.941,12.633,1.144,72.37,Loam
1.216,2.707,7.14,18.639,48.31,Loam
0.552,0.615,2.104,1.471,15.64,Sandy
2.062,4.45,11.565,2.724,76.1,Clay
1.013,2.374,6.382,1.748,38.52,Sandy
0.498,0.844,3.25,1.682,20.85,Sandy
0.825,1.756,5.144,0.72,33.03,Sandy
1.034,1.495,6.975,0.934,34.47,Silty
2.628,4.177,15.322,0.69,91.39,Clay
1.366,3.464,9.501,1.648,53.59,Loam
0.486,1.547,3.441,4.09,24.51,Sandy
0.557,0.502,4.006,0.321,18.97,Sandy
1.987,3.994,12.215,1.295,67.46,Loam
1.721,2.439,9.446,1.337,56.18,Silty
0.659,1.938,3.841,14.967,27.99,Sandy
0.983,2.027,4.7,0.214,37.11,Silty
1.935,3.402,12.7,3.945,84.43,Loam
2.304,2.906,12.088,2.939,77.77,Clay
3.368,4.771,17.679,2.201,115.5,Clay
0.359,0.957,1.011,2.731,13.93,Sandy
1.032,1.035,5.913,0.551,33.72,Sandy
2.973,3.997,14.827,1.363,90.73,Clay
0.4,1.244,3.451,2.802,20.34,Sandy
2.749,4.316,18.181,1.229,112.28,Clay
0.177,0.727,1.349,0.903,10.59,Sandy
1.838,2.872,9.719,1.935,64.52,Clay
1.055,2.528,5.386,0.416,38.96,Loam
2.305,3.963,14.351,0.314,89.33,Clay
0.475,1.265,3.199,14.394,19.03,Sandy
1.809,3.461,12.006,18.353,85.53,Loam
1.183,2.275,7.242,3.739,43.57,Silty
1.415,3.007,10.383,1.558,59.48,Loam
1.528,2.235,7.515,1.951,53.62,Silty
1.25,2.024,7.402,2.776,43.19,Silty
1.962,2.42,8.622,1.29,55.22,Clay
1.684,3.058,7.624,0.079,56.95,Silty
1.75,2.41,7.79,1.594,55.08,Silty
1.904,3.882,10.172,1.922,73.13,Loam
0.084,0.386,2.119,2.14,8.86,Sandy
1.698,2.797,6.357,2.929,48.33,Silty
2.006,2.197,10.147,1.683,61.43,Clay
1.485,2.802,9.508,0.622,68.06,Silty
1.309,2.031,9.643,3.677,55.3,Loam
2.296,2.712,11.432,1.652,69.27,Loam
0.889,2.118,6.407,3.621,33.35,Sandy
1.626,3.471,10.366,3.247,66.31,Loam
0.05,0.1,1.379,4.746,4.78,Sandy
2.135,2.582,9.84,1.29,69.31,Loam
1.508,2.555,7.975,13.221,56.55,Loam
1.656,3.212,11.173,1.748,74.74,Silty
2.348,3.161,10.4,0.901,73.06,Silty
2.478,3.84,12.707,7.503,74.5,Clay
1.475,3.131,8.962,1.396,60.94,Loam
0.418,0.726,0.862,0.644,9.64,Sandy
2.794,4.312,16.012,6.499,108.99,Clay
0.269,0.42,2.52,0.083,13.04,Sandy
3.119,3.937,16.608,0.774,93.1,Clay
1.624,2.978,10.284,2.022,62.73,Loam
2.462,4.028,13.571,1.25,92.76,Clay
1.211,1.297,7.324,0.882,41.93,Sandy
0.766,1.836,5.567,1.184,39.04,Sandy
0.735,0.916,4.298,0.451,20.64,Sandy
1.968,1.793,7.934,1.049,56.33,Loam
1.305,2.125,7.893,2.223,47.08,Loam
2.392,4.288,16.262,0.781,105.82,Clay
0.398,1.344,2.25,1.417,18.95,Sandy
2.611,5.13,19.483,4.545,119.57,Clay
2.379,3.027,13.391,1.439,86.14,Clay
2.86,4.325,16.506,0.88,121.83,Clay
1.355,2.332,7.326,1.557,44.65,Silty
0.206,0.491,0.92,1.504,7.21,Sandy
1.659,3.399,10.414,0.788,63.52,Loam
0.747,1.495,3.935,1.209,29.28,Sandy
2.261,3.81,13.74,1.868,98.74,Clay
1.285,2.522,8.22,3.257,53.04,Loam
0.81,1.922,6.155,1.784,36.64,Silty
2.03,2.429,9.494,0.067,73.24,Loam
1.771,2.932,10.214,1.009,67.45,Loam
0.64,1.194,4.386,2.022,25.62,Sandy
0.522,1.552,3.523,0.688,23.22,Sandy
2.852,4.518,16.873,0.577,108.95,Clay
0.426,0.915,3.395,1.877,19.09,Sandy
0.405,1.165,2.569,2.738,18.09,Sandy
2.097,3.622,10.058,4.722,78.17,Loam
2.08,3.448,13.733,1.03,77.58,Clay
2.383,3.102,11.896,11.959,75.44,Loam
2.428,2.073,11.738,1.87,69.45,Clay
1.161,3.355,8.778,0.128,55.84,Silty
0.696,0.1,1.012,2.068,12.78,Sandy
0.346,1.052,3.887,1.76,19.67,Sandy
2.298,3.426,13.036,1.149,86.69,Clay
2.837,4.478,15.457,1.287,92.99,Clay
0.057,0.1,1.526,1.592,4.65,Sandy
1.388,2.119,7.796,3.219,47.04,Silty
0.387,0.845,1.563,3.854,13.74,Sandy
2.249,4.735,17.875,4.303,99.95,Clay
2.018,3.081,11.52,1.8,62.92,Loam
1.337,1.939,6.086,5.916,46.54,Silty
2.321,2.616,14.192,0.777,79.87,Clay
2.141,3.324,11.043,2.206,74.31,Loam
1.61,2.892,10.924,2.924,56.97,Loam
2.254,3.359,10.556,2.681,79.13,Silty
0.766,1.342,4.246,2.207,29.32,Sandy
1.859,2.846,8.585,0.485,60.97,Loam
2.137,4.809,13.283,1.991,88.55,Clay
2.292,3.157,11.676,1.407,79.14,Loam
1.251,2.659,8.625,2.007,55.22,Silty
2.334,4.506,12.302,0.658,89.93,Loam
1.989,3.546,14.663,13.03,81.82,Silty
2.386,3.895,15.561,0.105,84.57,Clay
2.608,3.636,16.138,4.135,104.22,Clay
2.591,3.576,12.212,0.82,75.91,Clay
2.994,3.904,14.797,1.792,101.95,Clay
0.759,1.282,3.15,2.859,27.66,Sandy
2.051,3.637,12.259,1.153,78.45,Clay
0.05,0.158,2.951,1.604,8.99,Sandy
0.331,0.59,2.893,0.471,14.3,Sandy
1.44,2.957,6.872,19.621,56.67,Silty
1.827,3.365,10.758,1.853,69.49,Silty
2.295,3.35,13.256,1.008,74.24,Clay
1.044,2.319,6.74,3.612,40.25,Silty
2.421,2.436,12.49,0.628,84.44,Clay
1.699,1.9,11.022,1.506,59.92,Silty
0.741,2.122,5.273,2.23,32.83,Sandy
1.605,3.192,6.686,1.607,57.65,Silty
2.576,4.637,15.415,1.099,98.81,Clay
1.583,2.004,6.487,2.966,50.73,Silty
0.055,0.616,1.723,1.489,9.05,Sandy
1.757,3.688,11.958,3.239,71.29,Clay
0.754,1.619,5.428,0.679,34.14,Sandy
0.523,0.801,2.328,0.162,17.98,Sandy
2.34,4.365,14.649,0.586,81.4,Loam
2.023,4.167,11.992,2.511,84.19,Clay
2.633,3.856,12.614,1.004,69.61,Loam
0.697,1.35,4.316,1.208,27.3,Sandy
2.678,4.039,14.611,0.773,92.02,Clay
1.625,3.611,12.709,1.431,71.42,Silty
1.076,2.414,10.934,2.502,50.79,Silty
2.005,4.552,14.693,1.784,83.88,Clay
0.29,0.773,2.704,0.3,14.06,Sandy
2.404,3.844,12.625,2.232,91.84,Clay
2.295,4.24,16.436,1.135,90.64,Clay
1.477,2.296,7.683,3.3,46.49,Silty
0.489,1.686,4.354,1.256,23.24,Sandy
1.181,2.473,6.87,7.116,46.49,Sandy
2.011,3.611,11.598,2.275,80.7,Loam
2.853,3.87,18.025,3.122,95.84,Clay
0.811,1.437,6.167,0.026,37.1,Sandy
1.532,1.692,6.47,0.546,43.16,Silty
2.384,5.014,16.655,2.515,112.23,Clay
1.913,1.948,9.323,4.105,53.8,Clay
1.36,3.066,10.129,1.722,61.83,Loam
1.636,2.982,9.537,0.165,59.26,Loam
0.571,2.129,5.062,13.215,31.28,Sandy
0.929,1.516,5.667,0.443,34.83,Sandy
1.768,2.14,8.279,0.427,52.62,Silty
0.527,0.672,3.867,0.15,18.17,Sandy
1.284,1.878,5.477,0.398,45.52,Silty
0.915,2.118,5.157,0.61,35.78,Sandy
2.49,4.673,15.099,0.161,98.1,Clay
0.536,0.82,4.265,4.208,24.3,Sandy
2.294,4.081,12.271,1.382,84.22,Loam
0.856,1.498,4.285,2.795,27.29,Sandy
2.375,2.938,15.555,6.154,85.96,Clay
2.933,4.774,15.366,1.685,94.46,Clay
0.952,1.625,6.139,0.659,37.23,Sandy
2.314,2.608,10.754,4.004,72.51,Clay
2.09,3.323,13.904,2.797,77.26,Clay
2.342,5.179,18.852,0.992,108.9,Clay
0.434,1.168,2.139,7.345,17.81,Sandy
1.846,2.784,9.692,0.239,62.56,Clay
2.482,2.759,13.643,3.494,84.39,Clay
2.053,3.348,12.646,3.422,79.61,Loam
1.699,3.321,11.464,0.432,66.4,Loam
1.601,2.772,5.987,1.951,56.17,Silty
0.391,1.247,4.061,17.881,18.77,Sandy
2.097,2.545,11.745,1.353,75.83,Clay
1.832,3.156,9.784,0.588,73.44,Loam
1.682,2.671,8.131,5.307,50.15,Silty
0.852,2.42,8.478,2.087,47.23,Silty
1.083,2.035,7.451,0.31,49.24,Loam
1.021,3.046,7.407,0.358,51.71,Silty
2.537,4.343,15.32,3.983,91.76,Clay
2.032,3.086,14.732,1.543,79.64,Clay
2.863,5.538,19.905,1.476,120.94,Clay
0.537,0.972,4.433,3.763,22.2,Sandy
1.675,2.451,11.178,1.218,59.39,Silty
1.502,2.609,9.53,0.861,60.07,Silty
1.473,1.661,9.172,1.559,47.9,Silty
1.507,2.401,9.478,0.151,60.66,Loam
2.048,3.394,10.243,0.784,57.38,Clay
0.824,1.451,5.183,0.859,29.76,Sandy
1.35,2.616,8.382,1.989,47.41,Silty
1.719,2.934,9.414,3.728,55.25,Silty
0.576,1.645,2.247,3.646,21.71,Sandy
1.532,3.108,10.769,0.637,64.07,Silty
1.475,2.049,7.453,0.113,45.77,Silty
0.85,1.515,5.859,0.1,31.12,Sandy
1.606,2.209,7.301,1.455,49.78,Loam
2.262,4.131,14.431,2.816,82.95,Clay
0.907,2.197,6.514,0.176,40.85,Sandy
1.974,2.908,11.72,0.588,64.82,Loam
1.249,1.672,8.638,1.535,46.65,Loam
1.931,2.975,10.415,4.034,68.33,Silty
1.333,2.042,8.263,1.044,58.88,Silty
1.737,2.361,11.948,7.464,63.17,Clay
1.311,2.558,7.611,4.73,53.28,Silty
0.479,0.93,4.298,0.564,21.71,Sandy
1.241,2.766,6.722,1.401,51.32,Loam
0.699,1.334,3.195,1.998,24.71,Sandy
0.478,1.044,5.16,2.944,23.41,Sandy
0.28,0.671,1.954,9.271,10.56,Sandy
2.538,4.618,16.197,2.308,93.6,Clay
1.664,2.335,10.618,2.673,56.2,Silty
0.792,1.461,4.988,0.977,28.14,Sandy
1.57,3.705,9.094,1.166,69.68,Loam
1.702,2.722,9.314,2.301,68.48,Silty
2.029,2.788,11.139,1.347,63.48,Loam
2.082,4.175,15.203,3.863,83.59,Clay
2.046,3.789,13.394,0.221,89.61,Loam
1.709,2.472,9.21,0.105,62.82,Loam
1.268,2.821,10.302,3.308,47.52,Loam
1.418,3.379,10.688,2.175,54.41,Loam
0.691,1.209,5.424,1.831,27.85,Sandy
2.029,2.7,13.358,5.075,65.84,Clay
2.621,3.151,14.906,3.232,90.6,Loam
1.581,2.794,8.033,11.42,52.85,Silty
2.231,3.803,13.28,1.596,82.08,Clay
2.443,5.592,18.892,8.067,135.88,Clay
1.57,3.341,10.111,0.705,70.72,Loam
1.006,2.973,8.536,0.364,53.49,Silty
1.083,2.55,5.785,5.669,41.34,Sandy
2.614,5.323,17.269,1.019,105.59,Clay
0.05,0.291,0.5,1.454,3.53,Sandy
0.934,2.089,5.755,1.812,33.99,Sandy
1.979,3.949,11.611,2.564,72.98,Loam
1.612,3.028,10.705,1.329,64.1,Silty
1.62,2.951,8.255,0.145,53.22,Loam
1.075,2.034,7.144,1.627,38.43,Silty
1.353,1.994,7.167,1.118,42.12,Silty
2.569,2.595,11.958,0.482,76.42,Loam
1.321,2.637,8.976,2.047,56.61,Silty
1.805,2.868,11.804,1.692,63.17,Loam
0.23,0.422,1.679,0.856,9.91,Sandy
1.94,2.539,10.055,0.955,51.46,Loam
0.632,1.103,3.968,1.281,26.84,Sandy
2.142,3.693,10.422,3.105,81.34,Loam
2.162,3.38,11.824,6.706,79.53,Clay
2.008,3.798,15.608,1.336,94.64,Clay
0.532,0.984,4.147,1.258,21.08,Sandy
1.664,3.214,10.387,0.67,61.49,Clay
1.152,2.339,12.147,0.461,61.76,Clay
0.452,0.901,3.712,1.01,19.73,Sandy
0.569,1.582,5.362,0.963,29.26,Sandy
0.539,0.257,1.887,3.286,13.9,Sandy
1.993,1.792,10.381,2.667,64.75,Silty
1.142,2.572,8.131,2.778,49.6,Loam
0.694,0.683,4.83,5.55,23.21,Sandy
0.474,0.799,3.471,2.05,19.37,Sandy
0.674,2.131,5.196,0.086,31.98,Sandy
1.136,2.034,8.459,22.319,44.9,Silty
0.737,1.273,4.754,1.699,30.07,Sandy
1.388,2.393,11.029,3.06,54.17,Silty
1.065,1.907,6.807,0.72,35.49,Sandy
0.683,1.783,9.178,0.646,46.1,Silty
1.179,2.601,7.765,0.888,49.57,Silty
2.616,3.477,14.463,3.037,79.31,Loam
2.83,3.933,16.111,0.522,101.79,Clay
1.046,1.84,6.969,0.882,41.9,Sandy
1.786,3.088,10.141,1.477,67.57,Silty
0.617,1.047,2.14,2.391,14.57,Sandy
0.315,0.686,3.954,2.404,20.14,Sandy
2.194,4.553,15.513,0.591,96.01,Loam
1.883,3.033,14.47,0.807,76.24,Clay
2.107,4.111,13.681,3.722,93.77,Loam
0.603,1.078,2.895,5.566,19.81,Sandy
0.988,2.16,5.276,1.57,29.25,Sandy
1.964,3.274,9.612,0.194,69.84,Loam
1.878,1.985,9.637,0.582,58.62,Loam
1.689,3.841,12.88,1.648,71.8,Silty
0.602,1.389,5.338,1.207,24.36,Sandy
1.243,1.348,5.391,0.182,41.35,Silty
0.464,1.057,4.099,0.832,24.66,Sandy
2.823,3.999,15.917,1.146,102.57,Clay
0.606,0.956,5.294,3.46,23.83,Sandy
2.517,2.897,10.687,0.568,73.42,Clay
1.752,3.15,10.847,7.927,78.39,Silty
1.586,2.667,9.259,22.978,61.97,Silty
1.531,1.895,6.881,1.703,45.17,Silty
1.729,2.502,11.258,1.244,58.4,Loam
0.375,1.171,4.003,0.74,20.59,Sandy
2.741,4.016,13.689,1.565,93.33,Clay
1.607,2.628,13.754,3.663,77.65,Silty
2.879,4.188,16.377,0.884,103.56,Clay
1.188,1.934,6.282,2.668,39.21,Silty
1.53,2.178,8.125,2.922,50.04,Silty
1.532,2.645,8.611,1.502,55.89,Loam
1.834,3.844,12.381,0.786,73.73,Clay
2.7,4.48,18.741,0.664,116.08,Clay
1.779,4.427,11.872,1.583,73.46,Loam
0.651,0.835,4.412,0.179,23.04,Sandy
2.361,3.799,13.862,0.331,86.95,Clay
1.658,2.576,7.559,2.089,49.17,Loam
0.21,0.647,2.315,0.991,12.02,Sandy
0.597,1.104,3.783,0.286,23.88,Sandy
0.944,1.696,4.111,1.722,30.27,Silty
1.596,2.202,9.707,0.664,54.62,Loam
2.455,3.983,12.941,3.684,86.34,Clay
3.368,4.988,18.931,0.031,110.48,Clay
1.46,2.657,7.605,0.395,46.15,Silty
0.5,1.191,3.956,2.101,20.63,Sandy
2.657,4.542,18.062,3.131,104.83,Clay
2.041,2.87,11.996,1.677,51.98,Loam
2.02,4.103,11.346,1.655,69.61,Clay
0.54,1.176,3.872,1.198,22.21,Sandy
1.737,2.044,9.211,1.835,62.38,Clay
2.068,3.407,15.802,2.845,82.19,Silty
0.892,2.587,9.21,2.826,50.87,Silty
0.93,2.863,7.966,2.049,52.24,Silty
1.232,2.057,6.968,2.995,45.04,Silty
0.496,1.351,3.869,1.597,24.77,Sandy
1.584,2.533,10.119,1.081,53.59,Silty
1.275,3.229,9.742,3.103,53.5,Loam
1.684,3.531,9.495,1.413,66.59,Loam
2.843,5.071,15.513,3.782,97.23,Clay
0.655,1.624,4.859,3.13,30.23,Sandy
0.765,1.513,7.103,1.157,33.2,Silty
1.799,2.387,8.871,1.445,64.86,Silty
2.621,3.276,15.957,0.767,96.12,Clay
2.117,3.182,12.023,2.081,73.96,Clay
1.154,2.805,6.371,4.698,48.77,Silty
1.066,1.964,6.067,1.437,41.54,Sandy
1.21,2.534,10.336,0.399,63.24,Clay
0.803,1.524,3.265,4.523,27.63,Sandy
1.71,1.498,8.04,1.054,49.17,Loam
2.163,3.056,10.182,0.428,72.05,Loam
1.391,2.712,5.71,0.785,44.81,Loam
1.298,2.155,6.865,0.858,45.77,Loam
1.552,3.198,8.968,3.754,61.29,Silty
1.472,2.895,9.336,3.195,60.03,Silty
2.603,3.938,16.047,1.512,82.23,Clay
2.88,3.874,14.119,1.685,107.24,Clay
1.705,2.506,12.554,0.259,60.17,Clay
1.639,1.836,7.854,5.304,49.04,Silty
0.368,0.782,1.52,1.526,12.89,Sandy
0.309,0.1,0.5,1.651,6.36,Sandy
2.042,2.426,9.237,1.396,64.27,Loam
0.518,1.084,2.615,1.415,21.11,Sandy
2.821,3.352,13.586,0.344,101.81,Loam
2.81,4.614,18.512,5.494,91.68,Clay
2.427,3.884,14.035,1.515,81.35,Clay
0.552,1.637,5.078,6.574,29.45,Sandy
3.064,5.224,19.649,0.722,112.35,Clay
0.594,0.934,2.651,1.784,19.44,Sandy
2.378,3.151,14.959,0.614,91.17,Clay
1.777,2.616,7.48,1.795,57.93,Silty
1.345,2.978,9.648,2.705,57.38,Silty
0.717,1.739,5.309,0.467,37.77,Silty
2.419,2.73,10.566,0.298,76.52,Loam
2.231,2.965,13.588,2.67,82.07,Clay
1.521,2.298,10.843,1.448,56.93,Silty
1.52,3.465,9.497,1.053,68.13,Loam
0.735,1.906,5.053,1.711,33.75,Sandy
2.159,2.92,12.909,3.363,85.05,Loam
1.271,2.956,8.716,0.386,63.32,Loam
1.774,3.58,11.987,0.115,76.11,Loam
1.573,2.129,9.392,2.242,61.21,Loam
0.96,1.536,5.72,0.623,33.73,Sandy
2.416,3.238,13.928,0.62,94.06,Loam
0.836,2.144,6.796,1.245,39.11,Silty
2.269,2.751,10.656,3.941,75.72,Loam
2.068,2.992,12.923,0.32,68.46,Clay
2.484,3.941,13.538,2.997,82.5,Clay
1.652,2.67,8.838,20.405,61.46,Loam
2.238,3.195,11.208,0.24,74.51,Clay
1.269,3.664,11.358,1.055,60.14,Loam
1.012,1.782,6.443,0.834,32.99,Sandy
1.235,2.269,10.256,0.622,49.93,Silty
0.255,0.1,0.5,3.355,4.65,Sandy
1.879,4.327,11.075,3.561,79.51,Loam
2.538,3.69,13.797,0.455,75.09,Clay
0.703,1.217,4.397,0.49,28.97,Sandy
0.697,1.237,5.111,2.638,26.53,Sandy
2.107,2.945,13.157,0.353,79.27,Clay
1.371,2.114,10.738,0.798,47.27,Silty
2.566,3.856,15.479,0.324,82.67,Clay
1.899,3.141,10.706,1.727,67.12,Loam
2.449,5.702,17.866,1.388,102.32,Clay
0.514,0.489,3.961,1.059,18.94,Sandy
1.385,2.416,12.186,1.377,55.74,Clay
1.95,3.832,11.988,0.358,82.1,Clay
1.119,1.834,4.897,0.461,37.13,Silty
1.403,2.729,8.444,0.891,51.23,Silty
1.541,1.099,7.444,1.275,41.68,Silty
1.169,2.965,10.869,3.166,58.9,Silty
1.599,2.817,8.61,0.797,65.7,Silty
1.666,2.664,9.096,2.466,58.43,Loam
2.083,4.55,14.631,0.256,100.35,Loam
2.344,2.634,13.294,2.91,83.79,Loam
1.539,2.905,11.464,1.019,60.73,Loam
1.765,3.428,11.888,0.453,65.6,Loam
0.116,0.946,1.341,1.806,11.1,Sandy
1.701,2.815,9.871,0.637,60.47,Clay
1.841,2.86,12.8,5.28,76.79,Loam
1.24,1.677,6.656,3.404,39.13,Silty
0.883,1.901,7.935,3.706,39.42,Silty
1.485,2.013,8.493,0.479,52.1,Loam
2.103,4.431,13.865,1.168,90.43,Clay
2.293,3.525,12.486,0.2,68.88,Clay
1.829,2.722,9.1,2.97,65.75,Loam
2.224,3.354,10.506,1.091,77.06,Loam
1.679,2.898,9.22,1.032,59.48,Silty
2.06,3.229,7.977,6.339,64.04,Silty
2.349,5.881,14.849,1.477,97.16,Clay
2.18,3.01,13.197,3.38,88.5,Loam
1.343,3.432,10.064,2.092,61.9,Silty
1.236,2.379,6.722,7.941,39.2,Silty
2.09,3.448,12.569,0.178,77.29,Clay
1.978,2.725,9.735,0.774,59.91,Clay
1.229,2.59,7.999,2.43,61.45,Loam
1.874,2.198,9.582,2.019,59.52,Loam
1.026,1.857,6.546,4.387,43.14,Sandy
0.973,1.899,7.464,0.596,43.73,Loam
0.99,1.158,4.738,4.038,31.68,Sandy
2.108,3.215,15.712,1.641,88.97,Clay
0.372,1.044,4.415,0.875,22.32,Sandy
2.169,2.332,8.841,0.782,61.03,Loam
0.545,1.409,4.062,1.248,22.36,Sandy
1.665,3.09,9.894,1.41,62.3,Silty
2.414,2.1,11.52,1.113,83.99,Clay
2.156,4.385,15.31,1.234,85.78,Clay
0.718,1.107,3.846,0.481,27.17,Sandy
1.4,2.849,11.312,4.205,56.64,Loam
2.175,3.236,10.616,4.116,71.22,Clay
0.281,0.921,4.256,6.65,20.6,Sandy
1.246,3.555,9.41,17.602,60.14,Silty
1.819,3.806,11.213,0.764,75.63,Clay
2.161,4.621,12.483,0.857,90.5,Clay
2.58,3.339,18.089,2.613,108.91,Clay
0.531,0.875,3.434,1.875,22.01,Sandy
1.627,2.684,8.684,3.957,53.33,Silty
2.338,3.506,14.085,0.301,84.85,Loam
1.884,3.811,13.291,1.624,75.13,Loam
2.567,4.638,14.137,0.476,100.87,Clay
1.749,2.394,8.272,4.694,55.18,Loam
3.047,4.39,13.694,2.887,96.42,Loam
1.935,3.989,11.238,1.409,79.04,Loam
2.07,4.169,13.543,0.783,83.69,Clay
0.867,1.591,5.458,0.44,34.66,Sandy
2.628,5.037,15.565,1.545,91.79,Loam
1.875,3.336,11.889,0.403,82.1,Clay
1.868,2.915,13.02,4.931,68.94,Silty
1.35,2.173,5.768,4.389,42.48,Silty
0.233,1.686,2.238,1.881,17.93,Sandy
1.495,3.083,9.007,1.387,61.44,Silty
1.577,4.711,12.533,2.102,83.36,Loam
1.03,0.704,2.78,1.264,25.68,Sandy
1.743,2.898,9.743,2.323,60.65,Loam
2.175,3.036,13.091,2.872,80.17,Clay
1.032,1.263,5.11,6.342,32.89,Sandy
1.758,3.182,9.373,1.676,64.77,Clay
0.683,1.165,3.74,9.438,24.28,Sandy
0.82,1.421,4.721,0.707,25.26,Sandy
1.197,2.956,8.697,1.279,58.07,Silty
2.972,3.341,16.847,5.781,94.85,Clay
1.351,2.472,9.114,0.257,52.02,Silty
1.634,3.126,8.84,0.133,53.5,Silty
0.688,2.096,5.728,4.169,35.67,Sandy
0.627,1.7,4.638,1.56,30.17,Sandy
1.623,3.737,10.446,4.46,73.85,Loam
0.239,0.779,2.538,3.223,12.04,Sandy
1.525,2.636,9.349,3.823,53.49,Silty
2.043,4.493,13.139,3.688,77.55,Clay
1.372,2.974,9.595,1.03,62.87,Loam
1.951,3.397,12.052,8.533,67.34,Loam
1.526,2.25,7.259,1.563,52.57,Silty
2.941,4.66,12.456,0.433,84.94,Clay
2.582,3.863,15.378,0.472,97.62,Clay
2.218,3.037,13.035,15.899,72.77,Clay
2.693,4.306,14.975,2.747,97.44,Clay
1.814,2.279,8.481,0.63,58.09,Clay
1.594,2.545,10.967,2.859,57.26,Loam
3.017,4.684,12.012,0.772,105.29,Clay
0.217,0.875,3.208,1.132,17.65,Sandy
0.673,0.617,3.433,5.367,18.69,Sandy
1.036,3.137,8.78,3.864,54.65,Silty
2.022,2.128,11.871,1.35,71.72,Loam
1.976,1.726,9.135,0.729,56.41,Loam
2.964,5.408,16.168,0.801,125.69,Clay
0.365,0.754,3.232,2.161,17.48,Sandy
2.201,3.605,13.548,4.436,83.77,Loam
1.676,3.298,11.156,0.599,72.97,Silty
0.567,0.589,2.977,1.248,14.67,Sandy
2.155,3.147,11.12,3.005,70.5,Clay
2.083,3.676,13.921,1.369,83.9,Clay
0.807,1.597,3.523,3.528,25.57,Sandy
1.967,3.71,13.623,3.292,75.05,Clay
1.132,1.442,6.649,1.698,34.98,Sandy
2.786,4.123,13.664,1.52,91.35,Clay
1.107,2.45,9.237,1.385,52.1,Silty
1.346,2.833,11.774,4.738,59.46,Silty
0.514,1.072,1.965,2.445,15.67,Sandy
0.752,0.411,3.841,3.674,21.71,Sandy
1.65,2.859,7.713,1.056,51.26,Silty
1.222,2.587,8.363,1.177,58.94,Loam
1.511,2.601,8.683,3.53,56.96,Silty
0.934,1.487,6.659,0.403,36.33,Sandy
1.483,2.351,7.759,17.03,53.1,Silty
1.385,2.363,9.47,1.008,61.73,Silty
2.411,3.441,12.778,0.193,86.34,Clay
0.482,0.804,2.938,0.625,17.63,Sandy
0.748,2.005,6.746,1.979,41.16,Sandy
1.594,2.315,10.148,1.426,58.89,Loam
0.603,1.344,4.583,0.581,29.38,Sandy
2.314,4.266,11.317,0.891,80.7,Clay
0.615,1.321,2.91,1.012,24.28,Sandy
1.472,3.334,9.998,0.418,63.8,Clay
1.246,2.629,10.873,1.696,50.86,Loam
1.564,2.868,8.463,1.434,57.75,Silty
0.58,0.473,1.724,1.002,14.86,Sandy
1.702,3.053,8.736,1.444,63.94,Silty
1.083,1.861,7.429,0.461,49.76,Silty
1.107,2.232,6.375,2.382,42.27,Silty
1.113,1.836,5.913,0.932,36.31,Sandy
1.333,1.364,7.272,5.005,45.59,Silty
0.246,0.996,3.168,2.075,17.81,Sandy
2.041,2.772,10.129,0.167,66.21,Silty
1.294,2.639,8.493,0.834,55.49,Loam
1.968,3.569,12.125,0.237,68.26,Silty
2.661,3.325,14.798,2.91,90.3,Clay
0.599,0.95,4.782,0.955,24.56,Loam
0.754,0.489,3.294,0.381,20.73,Sandy
1.933,2.983,12.373,2.656,76.17,Silty
0.682,1.442,5.785,2.147,34.24,Sandy
1.962,2.164,10.148,0.134,56.62,Loam
0.661,1.204,4.599,0.949,28.18,Sandy
0.307,0.724,2.922,2.336,14.45,Sandy
0.397,0.803,2.361,4.114,16.24,Sandy
0.455,1.33,3.967,3.2,22.45,Sandy
0.485,0.951,5.238,0.526,21.52,Sandy
2.12,3.623,9.217,9.792,74.12,Silty
2.025,3.784,11.838,0.215,75.34,Loam
1.054,1.846,4.969,0.632,28.57,Loam
1.988,3.068,13.292,0.841,83.85,Loam
1.485,2.841,8.798,2.992,59.11,Loam
2.169,4.585,13.959,2.09,91.2,Clay
1.643,3.026,8.885,12.611,58.62,Silty
2.8,2.927,12.851,1.174,87.46,Clay
0.887,0.516,3.311,1.074,22.13,Sandy
1.485,2.764,7.59,4.581,54.54,Loam
2.79,3.942,15.592,3.353,103.74,Clay
1.163,2.025,7.206,1.504,40.06,Silty
1.922,3.433,11.633,3.069,68.14,Loam
2.649,3.983,14.691,0.057,93.31,Clay
2.083,3.104,10.445,0.688,77.87,Silty
0.801,1.704,4.252,1.646,30.69,Sandy
1.861,2.818,10.763,7.842,68.49,Loam
1.845,3.311,10.504,1.922,76.32,Clay
1.529,2.962,11.37,2.871,70.16,Loam
2.503,3.536,14.917,0.097,74.1,Clay
1.844,2.07,10.928,1.641,68.45,Loam
1.075,2.557,6.238,1.86,41.72,Silty
1.806,2.549,7.227,1.782,64.99,Loam
0.32,1.079,3.094,14.166,16.04,Sandy
3.41,4.954,17.323,0.716,105.16,Loam
1.175,2.717,7.917,0.514,49.85,Loam
1.785,2.799,8.569,2.497,59.71,Loam
0.312,0.847,3.652,7.355,18.25,Sandy
0.05,0.102,2.104,0.813,7.21,Sandy
3.011,3.698,16.438,1.396,113.64,Clay
1.366,2.953,11.212,0.339,54.48,Loam
0.558,1.94,4.558,1.289,29.63,Sandy
0.642,1.063,3.591,0.704,20.06,Sandy
1.494,2.247,8.313,0.31,57.75,Silty
0.972,1.496,4.327,2.288,34.05,Sandy
1.326,2.336,6.551,2.332,46.39,Silty
1.65,3.281,9.845,1.69,59.79,Silty
0.555,1.045,3.538,2.487,20.09,Sandy
1.635,2.44,8.374,2.257,63.62,Loam
1.613,2.548,7.842,0.616,47.19,Silty
1.441,3.182,8.612,2.813,62.25,Silty
1.892,2.627,11.573,1.575,58.67,Loam
1.119,2.841,8.367,8.17,53.08,Silty
1.159,2.55,7.044,1.409,51.41,Loam
1.25,1.831,8.911,6.286,59.06,Clay
1.295,2.787,7.829,1.101,47.9,Silty
1.578,2.717,9.499,2.549,54.03,Loam
0.05,0.1,0.5,2.985,2.39,Sandy
2.223,3.322,9.223,17.024,75.37,Silty
0.559,0.423,3.084,2.208,16.38,Sandy
1.653,2.94,9.125,2.799,69.44,Loam
1.638,3.534,9.961,1.059,62.33,Loam
0.534,0.841,4.723,1.526,26.74,Sandy
1.414,1.845,8.321,0.162,52.81,Silty
1.764,2.243,9.346,0.499,59.83,Loam
0.526,1.146,3.051,0.404,23.15,Sandy
1.001,1.45,5.57,2.346,28.44,Sandy
2.953,5.796,20.114,0.882,122.8,Clay
2.075,3.298,12.057,1.19,79.21,Silty
0.585,0.736,3.863,2.418,20.13,Sandy
1.458,3.452,13.095,2.559,73.87,Clay
2.148,3.034,12.36,1.109,74.53,Silty
1.161,2.442,6.091,1.719,50.29,Silty
2.866,3.289,14.433,0.983,103.33,Clay
0.941,1.14,2.62,2.753,24.88,Sandy
1.603,3.4,11.998,0.447,67.34,Loam
0.623,0.876,3.128,0.84,18.35,Sandy
2.377,3.655,14.55,0.796,81.84,Clay
2.299,3.387,10.609,2.287,80.74,Loam
2.36,3.795,12.457,3.275,68.87,Clay
1.949,2.313,11.34,3.513,64.15,Clay
1.923,2.133,9.531,1.768,67.47,Loam
1.782,3.058,10.57,1.75,66.94,Loam
2.485,4.4,14.905,1.91,89.82,Clay
1.851,3.343,11.663,0.635,76.09,Silty
2.361,3.209,13.783,0.173,80.64,Clay
0.716,1.666,5.612,1.912,33.03,Silty
1.61,2.102,4.655,3.082,46.6,Silty
1.135,1.619,5.564,0.228,37.91,Sandy
2.523,2.981,14.619,0.325,84.51,Clay
1.895,3.084,10.056,1.193,75.32,Loam
1.395,2.43,7.064,2.375,39.76,Sandy
1.132,2.468,7.391,0.09,53.8,Silty
2.085,3.874,8.899,0.126,64.49,Loam
0.616,0.427,1.286,1.16,13.62,Sandy
2.558,3.239,12.907,0.374,76.62,Silty
1.573,3.27,10.655,0.79,80.97,Silty
1.579,3.473,10.107,2.715,62.64,Silty
2.032,2.794,11.865,2.372,70.08,Silty
0.731,1.46,3.326,1.571,28.27,Sandy
2.539,3.701,13.219,0.537,84.28,Loam
0.609,1.091,3.8,2.128,24.7,Sandy
1.823,3.139,9.272,19.809,70.25,Loam
1.677,3.519,8.477,0.56,61.19,Silty
1.985,3.235,11.132,3.161,75.55,Silty
2.184,3.126,15.595,3.033,76.06,Clay
1.649,2.516,9.499,0.804,58.34,Silty
1.335,2.108,9.795,2.789,57.26,Silty
1.6,2.503,10.975,2.802,70.57,Silty
0.564,1.418,2.483,3.128,21.76,Sandy
1.78,1.927,8.09,0.667,56.7,Clay
1.734,2.476,10.926,1.661,70.14,Loam
0.755,1.229,5.51,8.923,32.2,Sandy
1.512,3.536,8.898,1.061,70.29,Loam
1.883,2.76,8.942,2.478,70.57,Silty
1.376,2.885,9.204,0.861,48.96,Silty
1.21,2.983,10.386,0.101,60.66,Silty
1.782,2.04,10.961,1.171,60.41,Silty
1.59,2.969,8.519,1.217,53.75,Loam
1.809,2.994,9.396,3.18,56.58,Clay
1.803,2.48,10.455,1.966,66.67,Silty
1.099,1.258,4.733,3.388,34.22,Sandy
2.293,3.571,14.215,0.999,85.01,Clay
2.382,3.876,14.76,16.159,84.51,Silty
0.463,0.58,1.752,4.194,12.79,Sandy
0.527,1.076,3.402,0.888,21.91,Sandy
2.15,3.845,12.332,5.505,72.58,Loam
2.739,5.113,16.997,6.332,106.97,Clay
0.876,1.102,5.037,1.766,31.02,Sandy
0.59,1.916,4.325,0.693,25.81,Sandy
2.444,4.102,13.597,0.311,89.85,Clay
0.368,0.582,1.042,4.626,10.86,Sandy
3.152,5.009,20.06,2.99,126.92,Clay
1.872,2.624,9.271,2.772,64.07,Silty
2.31,3.442,14.047,1.196,84.93,Loam
2.698,4.855,18.913,0.444,104.14,Clay
1.373,2.714,9.014,1.767,50.99,Loam
0.707,1.501,4.153,1.79,25.94,Sandy
1.769,3.077,10.942,1.085,66.46,Silty
0.209,1.036,2.142,1.456,13.08,Sandy
0.313,0.1,1.773,0.979,9.74,Sandy
2.042,2.923,11.854,1.957,70.53,Silty
2.171,2.244,7.804,7.219,64.57,Loam
1.85,3.237,11.171,0.143,75.05,Clay
1.743,2.1,10.115,2.571,66.42,Loam
3.11,4.668,18.43,2.516,104.28,Clay
2.284,3.544,14.992,2.399,99.32,Loam
1.444,2.403,6.368,4.357,46.95,Silty
1.96,2.507,9.076,1.652,62.92,Clay
1.606,3.091,8.292,0.236,60.68,Silty
1.586,2.785,12.168,1.672,69.69,Loam
1.521,3.066,9.523,1.335,51.1,Silty
0.801,2.14,4.336,1.935,26.86,Sandy
2.212,2.74,13.293,1.123,64.72,Clay
1.981,2.898,11.046,1.238,67.41,Loam
1.417,2.049,9.339,1.498,47.99,Silty
0.488,1.056,3.396,8.291,22.43,Sandy
1.219,1.836,5.907,0.952,42.73,Silty
1.561,3.101,10.416,0.989,58.02,Loam
1.706,4.032,10.597,0.442,60.23,Silty
1.633,2.943,10.835,5.539,61.28,Loam
0.967,1.982,4.652,2.216,34.12,Silty
0.322,0.405,1.226,0.951,8.11,Sandy
1.342,2.328,9.853,0.717,57.9,Silty
1.246,1.659,8.277,0.983,47.73,Loam
2.737,4.487,12.335,4.991,90.72,Clay
0.718,1.753,5.126,2.568,29.42,Sandy
0.94,1.923,6.167,16.509,40.94,Sandy
2.903,4.605,15.721,0.113,104.19,Clay
2.507,4.092,14.41,1.007,88.65,Clay
0.715,1.619,4.949,0.804,28.67,Sandy
1.523,2.362,10.169,1.895,57.76,Loam
2.101,3.385,11.463,0.462,77.44,Loam
1.832,2.773,10.966,1.617,64.88,Loam
2.167,3.168,12.994,1.496,77.32,Clay
1.613,3.137,8.593,0.327,57.7,Loam
1.813,3.971,14.049,0.656,79.01,Loam
0.528,1.311,3.619,4.389,25.47,Sandy
1.817,3.481,11.906,0.168,75.0,Silty
0.67,0.856,4.508,0.529,21.41,Sandy
1.335,2.223,7.043,0.94,53.14,Loam
1.716,2.595,12.692,4.323,64.88,Clay
2.245,3.846,18.103,0.43,101.12,Clay
2.398,3.943,15.94,2.349,86.52,Clay
1.787,2.325,7.743,0.961,51.71,Loam
1.948,2.484,8.93,0.294,56.28,Silty
1.866,3.126,9.543,0.44,67.89,Silty
0.409,0.632,2.275,1.192,14.08,Sandy
1.805,3.254,10.785,2.081,68.99,Clay
1.346,1.782,8.07,0.747,48.53,Silty
1.301,2.379,8.248,0.316,51.88,Silty
1.647,2.934,10.187,2.009,64.06,Silty
2.464,4.467,15.957,0.224,92.53,Clay
1.66,2.474,6.936,0.359,51.42,Loam
2.161,3.363,12.767,14.921,73.74,Clay
2.137,2.373,10.477,3.426,78.46,Loam
2.505,3.944,14.817,2.324,81.7,Clay
0.102,0.111,0.5,3.073,2.73,Sandy
0.594,1.346,4.682,2.624,26.29,Sandy
0.532,1.865,4.465,0.706,24.37,Sandy
1.47,2.618,10.187,1.159,62.37,Loam
0.806,1.402,4.137,9.633,29.61,Sandy
1.966,2.803,9.575,3.274,57.17,Loam
2.27,3.965,13.674,3.094,82.16,Clay
1.689,3.086,11.348,1.858,70.51,Loam
2.061,3.504,10.428,2.21,68.84,Silty
1.221,2.731,8.151,1.915,50.15,Loam
1.732,3.156,12.246,0.271,74.63,Loam
2.658,4.836,18.992,5.046,104.43,Clay
2.296,3.889,11.718,2.638,79.13,Clay
2.963,4.328,16.276,1.705,109.68,Clay
1.504,3.597,11.015,0.365,75.1,Silty
1.763,3.051,7.849,0.527,62.19,Clay
1.543,2.722,9.966,0.748,57.81,Loam
0.694,1.567,3.346,0.682,24.36,Sandy
1.375,2.586,9.806,0.148,49.15,Loam
0.422,1.576,3.44,0.245,23.83,Sandy
1.19,2.065,6.385,2.89,47.16,Clay
1.103,2.35,7.561,2.805,46.07,Loam
3.35,3.642,14.739,4.035,102.14,Clay
0.824,1.146,3.156,0.357,25.03,Sandy
0.572,0.818,2.689,0.853,20.06,Sandy
2.441,5.399,16.533,12.917,98.56,Clay
0.578,1.507,4.617,7.914,23.96,Sandy
2.0,2.918,10.4,0.568,60.23,Silty
1.584,3.152,12.72,0.706,72.64,Loam
0.587,1.153,5.633,2.689,25.42,Sandy
1.155,2.623,9.075,1.17,57.11,Loam
2.768,4.652,16.698,0.529,89.84,Clay
1.563,4.091,11.45,0.997,75.4,Silty
1.996,2.458,9.156,1.468,60.96,Silty
0.603,1.288,3.06,2.388,20.85,Sandy
1.34,2.874,10.875,5.312,64.09,Silty
1.283,1.922,5.454,0.378,43.43,Silty
2.396,3.52,14.918,2.605,88.6,Clay
0.529,1.204,4.84,3.609,25.66,Sandy
1.227,2.793,9.518,2.407,54.4,Silty
2.865,4.874,16.5,0.748,102.6,Clay
1.683,2.656,9.356,0.803,64.34,Silty
1.161,1.816,6.746,1.56,41.18,Sandy
2.016,2.698,13.104,0.883,71.45,Clay
2.068,4.429,16.646,2.241,101.99,Clay
1.182,2.008,9.514,3.726,55.92,Loam
1.745,4.257,11.308,1.437,78.31,Silty
0.932,1.536,6.66,3.518,36.65,Sandy
2.681,3.883,14.144,0.178,94.67,Clay
2.0,3.2,12.256,1.441,65.87,Silty
0.422,0.454,3.426,0.522,17.98,Sandy
1.639,3.708,9.938,1.17,58.75,Silty
1.197,2.933,8.969,2.903,45.57,Silty
2.352,4.711,17.643,1.134,94.92,Clay
1.725,2.848,10.706,1.339,61.11,Loam
0.456,1.275,4.204,3.084,24.35,Sandy
0.34,1.375,3.036,2.168,20.79,Sandy
2.448,4.907,16.348,0.647,114.4,Clay
0.384,1.163,1.849,1.692,15.61,Sandy
1.776,3.598,10.876,5.492,76.59,Loam
3.545,5.164,18.179,2.825,122.77,Clay
0.773,1.211,4.674,0.755,30.91,Sandy
2.399,3.946,13.771,2.389,80.0,Clay
1.611,2.3,6.387,1.201,54.23,Silty
1.407,3.201,11.321,1.616,64.8,Loam
0.691,0.294,2.125,0.527,15.23,Sandy
0.41,0.757,2.913,0.042,15.1,Sandy
1.183,2.531,7.932,2.328,45.63,Silty
1.468,2.878,10.87,1.574,58.55,Silty
1.499,3.11,10.179,2.088,61.41,Silty
1.751,2.24,9.877,2.064,54.84,Silty
1.328,1.831,5.909,0.859,47.74,Silty
2.759,3.742,14.131,1.713,101.55,Clay
1.577,3.05,9.937,5.983,69.37,Loam
1.967,3.571,11.134,0.68,72.29,Clay
1.804,2.706,10.411,3.154,64.54,Silty
0.387,1.333,4.269,3.575,23.73,Sandy
2.011,3.639,12.117,0.797,73.58,Loam
1.332,2.147,8.48,0.166,57.15,Loam
0.519,1.026,3.091,6.029,20.06,Sandy
0.573,1.155,2.558,0.71,21.59,Sandy
0.385,1.118,2.353,1.617,17.86,Sandy
0.196,0.957,2.031,0.883,12.31,Sandy
1.659,2.208,9.28,2.178,61.74,Loam
1.128,1.635,6.67,1.974,40.53,Silty
0.491,0.88,4.074,1.701,21.55,Sandy
0.605,1.875,4.556,1.28,33.38,Sandy
1.343,1.926,8.049,0.931,44.31,Silty
0.671,1.598,3.568,2.932,27.7,Sandy
1.588,2.936,7.842,3.475,59.29,Silty
1.847,1.282,8.024,0.182,48.71,Loam
1.85,4.056,13.586,1.986,96.12,Loam
2.364,2.852,15.184,1.655,79.82,Clay
1.951,2.877,11.214,4.527,75.97,Silty
1.762,2.055,11.383,2.705,57.03,Loam
2.231,2.792,12.731,0.302,72.67,Clay
2.761,4.7,16.954,1.828,116.34,Clay
1.532,2.555,8.993,12.826,60.63,Silty
1.52,2.308,7.287,2.403,52.3,Loam
0.723,1.836,5.364,0.77,33.51,Sandy
1.856,2.552,10.385,1.743,65.92,Silty
2.307,5.787,16.1,0.651,116.92,Clay
0.506,1.253,3.185,2.907,21.47,Sandy
1.441,1.851,7.773,2.189,48.1,Silty
2.315,1.933,9.705,2.946,61.85,Clay
1.733,2.826,11.077,0.875,62.4,Silty
1.632,2.812,7.99,1.697,53.76,Loam
1.871,2.825,9.143,1.725,60.08,Loam
0.756,1.895,4.752,5.321,30.96,Sandy
1.408,1.344,8.982,0.874,42.73,Loam
1.776,3.804,12.264,2.19,81.33,Loam
1.886,3.16,11.665,0.851,70.62,Loam
0.599,1.13,4.241,18.556,22.37,Sandy
0.37,1.155,3.408,9.24,19.11,Sandy
0.567,0.399,3.882,3.829,16.91,Sandy
0.946,2.083,5.383,3.082,37.43,Silty
2.116,2.728,9.949,3.159,67.61,Silty
1.838,3.15,12.388,0.632,68.09,Loam
0.794,1.595,4.662,0.139,26.9,Sandy
2.407,4.199,15.81,0.707,107.18,Clay
1.818,3.447,10.076,2.345,73.63,Clay
3.153,4.694,15.622,2.813,109.07,Clay
2.286,3.811,14.571,3.861,77.48,Clay
3.359,4.805,17.72,0.763,100.88,Clay
1.747,3.411,10.605,0.68,64.65,Loam
0.25,0.171,2.424,0.351,11.34,Sandy
2.418,3.853,14.277,1.62,84.89,Clay
1.633,3.143,8.929,0.377,55.91,Clay
1.888,2.842,11.025,0.11,62.74,Loam
1.605,3.715,12.777,0.499,71.29,Loam
2.863,3.199,12.785,1.136,85.85,Loam
1.978,3.542,12.179,1.518,84.08,Loam
2.471,2.984,13.04,1.76,83.24,Clay
1.64,2.46,9.947,2.679,66.31,Silty
0.799,1.494,4.291,2.862,30.15,Sandy
0.452,1.169,4.687,2.34,26.05,Sandy
0.435,0.866,2.766,1.784,17.16,Sandy
1.504,2.583,7.571,2.026,50.5,Loam
1.272,2.321,7.786,1.138,49.32,Silty
1.982,3.14,11.574,0.063,75.84,Clay
0.374,1.341,3.865,2.25,20.91,Sandy
1.577,2.79,11.632,1.679,69.9,Silty
0.544,0.605,3.223,1.346,18.0,Sandy
1.605,2.977,9.602,1.711,52.4,Silty
1.236,1.821,8.238,1.034,46.42,Silty
0.43,1.523,3.719,2.113,23.34,Sandy
1.496,2.438,11.888,2.46,60.08,Silty
1.665,3.491,9.14,0.738,60.22,Loam
0.789,1.566,3.789,0.397,29.03,Sandy
0.353,0.1,2.203,1.068,9.9,Sandy
2.176,2.97,10.496,0.746,77.83,Clay
0.847,0.98,5.229,1.605,30.67,Sandy
0.736,0.95,4.535,11.553,27.53,Sandy
0.776,1.355,7.831,11.164,37.62,Loam
0.547,0.634,1.7,2.246,13.95,Sandy
0.731,0.72,4.51,2.225,24.49,Sandy
1.602,2.542,13.381,0.626,66.07,Clay
1.888,2.784,7.96,1.981,71.05,Loam
1.352,2.87,7.139,0.833,49.2,Silty
3.022,4.962,15.821,0.917,98.61,Clay
1.652,2.626,8.211,1.616,62.52,Clay
1.849,3.005,14.774,2.827,78.25,Clay
1.516,2.151,10.047,2.391,52.24,Silty
0.05,0.16,0.5,1.719,2.74,Sandy
1.182,2.442,6.585,4.216,43.77,Silty
2.515,4.85,16.109,1.13,98.26,Clay
1.419,3.483,8.729,2.446,61.25,Silty
3.018,4.481,15.667,0.773,93.49,Clay
1.646,3.572,11.044,0.761,68.65,Silty
2.452,4.042,11.561,0.103,74.9,Loam
1.624,3.02,7.496,1.636,49.72,Loam
1.598,3.998,9.287,2.794,63.52,Loam
0.927,1.651,5.081,1.531,32.91,Sandy
1.79,2.662,10.06,4.916,62.45,Loam
0.409,0.526,3.812,1.139,17.44,Sandy
1.632,3.158,10.988,1.933,68.34,Silty
1.076,1.739,7.7,3.125,45.63,Sandy
2.02,3.329,11.777,4.894,81.16,Loam
1.302,1.728,8.048,2.614,41.38,Sandy
2.136,3.41,13.007,0.907,75.61,Loam
1.417,3.302,9.993,0.95,71.59,Loam
1.913,3.937,12.803,1.704,80.32,Silty
1.818,2.851,9.154,3.976,55.45,Clay
0.978,1.882,5.219,0.512,37.14,Sandy
0.966,1.106,4.357,1.578,30.16,Sandy
1.182,1.754,4.424,2.115,39.57,Sandy
0.244,0.995,1.943,1.108,13.89,Sandy
0.633,1.646,4.125,2.135,26.47,Sandy
0.821,1.298,7.088,0.211,38.47,Silty
0.087,0.616,1.015,0.499,7.56,Sandy
2.44,4.092,14.982,1.639,96.69,Clay
2.622,3.719,15.143,1.066,99.15,Clay
0.766,1.543,5.413,3.419,35.22,Sandy
0.05,0.275,1.946,2.062,7.54,Sandy
2.125,2.884,11.328,1.901,61.28,Silty
1.123,2.457,7.785,0.36,44.6,Silty
0.79,1.505,5.416,3.689,32.55,Sandy
0.381,0.92,1.348,1.046,14.81,Sandy
2.137,3.232,10.514,0.626,73.11,Clay
2.665,3.867,14.951,3.19,89.58,Clay
1.278,2.672,8.645,1.927,49.11,Silty
2.303,4.006,12.727,0.701,89.45,Clay
0.922,2.268,5.914,3.489,39.89,Silty
0.834,0.693,3.789,2.426,22.78,Sandy
0.625,1.616,6.272,1.139,31.47,Sandy
1.278,1.856,5.979,2.917,39.41,Sandy
2.409,3.282,12.691,13.967,85.09,Clay
0.952,1.634,4.733,2.602,28.97,Silty
2.323,4.158,13.145,3.025,87.42,Loam
0.638,1.856,2.397,16.389,25.27,Sandy
2.527,4.184,13.152,0.878,87.83,Clay
1.905,2.89,8.878,1.043,63.64,Silty
1.201,2.769,9.492,5.739,48.16,Loam
0.516,1.651,4.827,0.716,30.83,Sandy
0.754,1.684,4.763,0.254,27.76,Sandy
0.644,0.796,3.756,2.475,19.58,Sandy
2.375,3.694,16.342,1.239,83.81,Clay
2.66,3.699,14.498,0.87,82.22,Loam
1.365,2.464,8.397,2.559,48.01,Silty
1.688,2.804,10.271,4.363,67.07,Clay
1.873,2.988,14.08,1.707,75.94,Clay
2.014,2.706,14.458,5.872,71.9,Clay
1.33,2.159,8.424,0.419,51.36,Silty
1.351,1.144,6.583,0.91,45.83,Silty
0.354,0.57,4.914,0.096,17.43,Sandy
0.356,0.551,3.078,3.343,16.46,Sandy
2.902,3.785,15.782,0.91,98.98,Clay
0.329,1.046,3.39,19.442,19.83,Sandy
1.982,3.892,8.958,3.445,67.57,Loam
0.812,1.194,5.398,1.33,26.29,Sandy
3.31,4.645,18.351,0.812,107.8,Clay
0.586,1.497,4.531,1.2,29.19,Silty
0.729,1.187,3.508,1.141,26.67,Sandy
1.764,2.389,11.555,1.107,74.17,Loam
2.622,3.251,14.046,0.296,82.36,Clay
0.832,1.645,4.124,1.521,31.27,Sandy
0.374,0.793,4.116,1.475,17.68,Sandy
1.919,3.993,12.296,2.161,83.31,Loam
2.421,4.086,13.047,1.217,82.35,Clay
0.342,1.881,4.329,1.034,24.01,Sandy
1.41,2.52,9.781,1.739,59.44,Silty
2.983,4.304,15.888,0.651,109.46,Clay
2.3,2.376,12.164,0.475,76.88,Clay
0.676,0.85,4.545,0.892,23.69,Sandy
1.434,3.389,9.976,1.558,61.61,Loam
2.079,3.387,9.741,2.285,83.17,Loam
1.567,1.157,8.009,1.111,45.58,Loam
1.419,2.295,9.303,2.31,56.54,Loam
0.326,1.665,6.511,20.474,31.03,Sandy
1.817,2.774,12.075,4.031,77.25,Loam
1.493,2.183,6.257,2.549,55.03,Silty
3.262,5.604,20.522,1.184,95.46,Clay
1.774,3.312,10.544,0.89,75.51,Loam
1.437,2.472,9.604,1.02,52.74,Silty
1.849,4.066,12.064,1.198,75.24,Clay
1.13,2.149,5.426,0.826,36.62,Loam
2.876,5.693,15.932,0.179,93.42,Clay
2.673,3.896,16.493,0.844,76.86,Loam
0.554,0.851,0.92,1.5,15.05,Sandy
1.902,3.563,11.599,4.112,66.62,Clay
1.555,3.211,10.78,1.358,64.69,Loam
2.335,3.486,10.095,2.587,77.0,Loam
1.036,1.863,6.835,1.514,39.89,Sandy
1.756,2.341,9.848,1.107,61.11,Silty
1.97,3.309,11.799,1.284,83.88,Loam
1.628,2.263,9.317,3.124,58.74,Silty
0.646,0.739,2.297,0.599,17.08,Sandy
1.267,2.104,9.841,1.468,54.8,Silty
1.991,3.757,10.107,0.419,62.73,Loam
0.05,0.822,1.942,19.402,11.66,Sandy
0.449,0.811,2.084,13.25,15.66,Sandy
1.66,3.177,11.208,1.161,67.72,Loam
0.353,1.116,3.179,0.881,16.98,Sandy
1.566,1.71,9.656,0.611,48.93,Loam
1.491,3.269,8.278,1.546,61.69,Loam
2.394,3.041,12.007,3.541,70.1,Clay
1.442,2.728,9.252,0.098,54.69,Loam
2.536,3.674,14.329,0.114,88.33,Clay
1.561,3.735,9.697,2.162,62.71,Loam
0.691,1.473,4.994,1.311,29.99,Sandy
0.417,1.381,3.562,2.857,25.59,Sandy
1.528,1.916,11.226,3.863,57.91,Silty
0.154,0.744,1.633,1.185,10.78,Sandy
1.594,3.052,10.572,1.248,66.63,Silty
1.05,1.524,5.347,0.267,37.06,Sandy
1.93,2.579,10.579,1.327,68.4,Silty
0.839,1.317,3.028,2.926,24.78,Silty
1.492,2.599,9.204,2.824,58.54,Clay
1.939,3.29,10.954,1.103,68.39,Loam
0.907,0.34,3.618,0.057,22.94,Sandy
1.798,2.718,9.614,0.793,56.6,Loam
1.988,4.068,12.871,2.538,81.8,Clay
1.411,1.933,10.957,0.611,56.3,Loam
1.181,3.167,9.509,1.139,54.97,Silty
1.751,2.894,8.47,0.281,60.49,Silty
1.638,2.536,10.286,26.192,57.45,Silty
2.306,4.241,17.132,1.033,96.47,Clay
1.374,2.766,7.969,0.324,50.59,Silty
1.406,2.294,8.967,0.284,57.4,Silty
1.024,3.14,7.007,1.389,52.63,Silty
1.898,3.388,11.588,5.35,70.64,Loam
1.459,1.693,7.231,0.121,49.36,Silty
1.91,2.197,10.193,0.802,70.68,Loam
1.739,3.288,9.265,15.614,57.58,Loam
1.974,2.289,6.406,1.315,55.92,Loam
1.978,3.108,11.981,1.746,73.49,Loam
0.883,1.361,5.356,8.344,30.83,Sandy
1.706,2.745,10.075,2.915,67.7,Silty
2.7,5.359,15.753,1.855,105.94,Clay
0.321,0.798,1.192,3.506,12.64,Sandy
1.713,2.348,8.43,2.07,55.7,Silty
1.313,2.547,8.338,2.677,52.9,Silty
1.337,2.881,8.038,4.219,55.05,Silty
1.437,2.316,7.96,4.899,51.73,Loam
1.112,2.067,7.671,1.622,45.9,Silty
2.798,4.592,16.347,0.592,84.14,Clay
1.452,2.513,10.314,0.511,54.33,Loam
2.687,5.13,16.416,1.195,104.12,Clay
2.177,4.157,11.443,0.986,86.99,Loam
2.509,2.982,12.464,0.668,82.48,Clay
1.709,2.919,6.801,1.191,48.3,Loam
1.996,2.585,11.414,0.287,68.58,Clay
2.136,2.886,10.004,2.194,71.83,Clay
1.18,2.309,7.428,4.499,41.22,Loam
1.888,2.524,9.246,6.835,65.31,Silty
0.559,0.712,2.815,0.561,18.77,Sandy
2.17,3.505,10.016,0.311,70.09,Loam
1.325,1.689,8.744,1.189,49.56,Silty
2.037,3.678,11.824,9.521,73.38,Loam
1.423,2.449,8.388,2.041,54.68,Silty
2.61,4.337,13.797,2.012,78.88,Clay
0.712,1.133,3.076,1.364,24.73,Sandy
0.424,0.931,3.363,3.376,19.07,Sandy
1.778,3.114,9.554,1.752,62.74,Loam
0.987,1.794,5.862,12.249,36.73,Silty
2.101,3.507,13.741,2.37,82.32,Clay
1.417,2.617,7.888,4.14,57.94,Silty
2.447,3.496,14.937,0.202,96.72,Loam
1.798,3.244,11.656,0.618,75.09,Silty
2.753,4.66,14.944,3.159,95.72,Clay
0.843,1.76,5.453,0.972,31.34,Sandy
0.05,0.1,0.5,0.474,2.24,Sandy
2.14,3.451,12.312,15.643,69.48,Loam
1.483,2.449,8.618,1.957,50.67,Silty
1.595,1.761,6.968,1.389,52.36,Silty
2.574,3.978,13.015,17.668,93.94,Clay
0.372,1.294,4.319,0.291,24.24,Sandy
2.075,3.023,10.925,0.576,73.78,Loam
1.778,3.29,10.853,2.849,68.87,Loam
2.688,2.194,14.047,4.311,80.21,Clay
2.103,3.254,11.376,3.6,66.01,Silty
0.767,1.096,5.236,13.219,29.42,Sandy
1.673,2.496,7.447,0.486,55.56,Loam
0.618,0.999,4.047,3.187,21.93,Sandy
1.599,1.872,5.745,0.018,48.83,Silty
0.42,1.134,3.3,1.636,17.81,Sandy
2.126,3.119,11.488,0.996,69.82,Clay
1.603,3.192,9.477,0.428,55.57,Loam
1.282,2.083,6.903,1.504,41.58,Silty
1.38,2.991,9.995,2.052,67.28,Loam
2.166,2.404,11.122,0.13,64.47,Clay
1.615,3.544,10.592,9.629,51.94,Loam
2.103,3.567,12.384,2.007,74.69,Loam
1.904,1.888,8.449,10.903,56.85,Clay
2.735,3.545,12.49,0.17,94.5,Clay
0.312,1.181,1.997,1.916,18.5,Sandy
0.339,0.486,2.467,1.184,14.81,Sandy
2.35,3.447,9.867,1.08,80.26,Loam
0.301,1.074,2.526,1.036,13.48,Sandy
2.403,3.009,13.656,2.411,87.05,Loam
1.961,3.03,10.445,1.747,56.7,Loam
3.101,5.101,18.719,1.152,121.82,Clay
1.114,1.819,5.834,1.372,35.8,Silty
0.709,1.086,4.637,3.625,25.32,Sandy
1.45,2.621,8.728,0.501,45.37,Loam
1.811,2.26,9.357,1.547,59.17,Loam
1.724,2.486,10.973,2.449,64.27,Loam
1.854,4.286,15.44,1.053,92.13,Clay
1.466,3.14,8.463,0.215,62.08,Silty
0.05,0.499,1.38,0.786,7.18,Sandy
0.895,2.004,6.907,2.539,41.34,Silty
1.718,2.497,8.179,1.675,57.42,Loam
1.83,2.917,10.957,1.179,65.62,Loam
2.046,2.964,12.221,13.588,63.69,Silty
2.232,3.459,9.099,1.611,69.41,Silty
1.441,2.643,7.322,2.086,54.07,Silty
0.342,0.893,3.897,2.646,18.33,Sandy
0.857,1.598,7.183,1.519,43.29,Silty
2.245,2.782,9.75,1.284,65.17,Clay
2.869,5.059,16.976,4.156,107.32,Clay
2.074,3.342,12.592,0.21,80.43,Loam
1.91,4.307,13.004,3.145,75.27,Loam
0.845,0.804,7.829,2.193,33.04,Loam
2.487,3.307,12.939,4.759,87.44,Clay
1.422,1.727,8.436,1.153,39.85,Silty
1.574,3.386,12.432,0.974,76.06,Loam
1.504,3.389,8.831,0.843,58.41,Loam
1.055,2.006,4.751,17.546,36.22,Sandy
2.66,3.86,11.875,0.577,81.6,Clay
1.766,3.002,11.011,1.079,75.14,Silty
2.247,3.162,12.907,9.49,67.49,Loam
2.099,3.19,9.892,0.789,76.64,Loam
1.13,2.414,7.308,2.371,46.31,Silty
1.608,2.478,6.484,0.968,51.33,Silty
2.016,2.66,11.969,0.534,79.32,Loam
2.404,3.914,14.712,1.385,97.36,Loam
2.886,4.172,14.932,1.553,107.82,Clay
1.65,2.992,11.765,0.153,71.18,Loam
1.693,2.996,9.325,4.217,55.46,Silty
2.563,3.734,14.172,2.009,77.22,Clay
1.954,2.457,9.539,0.79,63.07,Silty
1.371,2.624,10.1,1.899,53.49,Silty
1.893,2.798,10.397,0.484,62.67,Silty
0.167,1.083,2.226,1.053,14.05,Sandy
0.728,1.504,3.008,1.264,23.32,Sandy
0.657,2.314,7.239,0.827,35.54,Sandy
2.184,3.717,13.596,2.868,81.59,Clay
0.819,1.554,5.444,1.711,31.91,Sandy
0.256,0.689,2.755,1.824,13.38,Sandy
0.665,1.924,4.669,0.989,33.56,Sandy
1.816,2.84,8.764,0.84,65.17,Loam
2.433,3.396,14.78,2.2,90.87,Clay
1.398,3.058,8.567,0.167,58.36,Loam
2.511,4.214,13.276,0.125,78.27,Loam
1.604,3.625,10.699,0.118,68.1,Silty
0.877,1.683,6.839,0.965,38.24,Sandy
1.984,3.021,11.95,5.019,67.81,Loam
1.553,2.788,11.077,3.117,74.93,Silty
1.883,3.224,10.56,1.505,71.57,Loam
1.921,3.154,13.52,0.708,76.58,Clay
0.412,0.619,2.471,3.067,13.63,Sandy
0.81,0.71,4.477,1.997,27.14,Sandy
2.796,4.336,13.809,0.785,93.44,Clay
0.995,1.641,6.177,3.804,39.3,Silty
1.894,3.31,11.227,18.416,80.12,Clay
1.679,3.431,10.436,2.773,63.2,Loam
1.327,2.851,6.836,3.284,51.79,Silty
2.197,4.104,14.414,0.828,103.12,Clay
1.121,2.44,10.094,0.593,59.54,Silty
0.375,1.032,1.75,0.551,13.18,Sandy
1.561,1.476,10.155,0.49,49.92,Silty
0.911,1.943,4.311,2.022,35.99,Sandy
1.527,2.44,10.187,1.469,56.29,Silty
1.335,2.459,8.039,0.589,56.62,Silty
2.623,4.265,16.099,4.558,91.24,Clay
2.466,4.14,15.78,4.801,79.0,Clay
1.203,1.795,6.184,3.283,42.35,Silty
0.607,1.446,4.893,4.596,29.41,Sandy
1.051,1.492,6.316,0.17,39.82,Loam
2.128,2.441,10.551,18.537,63.96,Silty
1.976,3.543,13.927,2.639,80.32,Clay
2.356,2.608,10.072,0.653,64.95,Silty
0.618,1.393,5.824,0.259,28.65,Sandy
0.979,1.284,5.503,4.465,36.36,Sandy
2.493,3.444,13.878,1.759,86.87,Clay
1.273,2.449,7.646,9.069,51.13,Silty
1.697,2.795,8.486,0.996,51.93,Silty
1.831,2.96,11.323,1.354,73.31,Clay
0.688,1.319,4.395,0.463,26.29,Sandy
1.515,2.587,9.741,0.37,63.83,Silty
2.251,4.963,14.934,1.622,86.82,Clay
2.75,5.214,14.29,4.626,104.01,Clay
1.715,2.531,8.302,2.412,52.68,Silty
0.512,0.642,3.413,2.28,17.91,Sandy
1.695,2.804,7.603,2.534,51.4,Loam
2.409,4.393,13.232,5.076,85.39,Loam
0.397,1.233,4.522,0.867,24.32,Sandy
0.753,1.31,6.047,0.444,28.14,Sandy
0.827,1.463,5.236,17.183,33.74,Sandy
1.621,3.558,10.743,1.357,66.34,Loam
1.357,2.332,8.553,0.747,45.0,Loam
2.662,4.561,14.891,0.549,94.83,Clay
1.393,2.392,7.188,0.391,53.64,Silty
2.999,3.887,16.747,0.427,109.81,Clay
2.477,3.141,13.442,8.429,72.16,Clay
1.761,2.802,11.282,0.187,83.93,Silty
1.534,3.63,9.859,1.023,59.28,Silty
0.315,0.889,5.297,3.248,22.39,Sandy
1.463,2.526,8.563,6.163,62.18,Silty
2.481,4.746,17.038,0.842,101.94,Clay
0.94,1.68,6.845,0.174,45.65,Sandy
0.685,1.573,4.316,0.554,28.7,Sandy
2.788,3.694,14.193,1.67,100.32,Clay
2.139,3.758,13.076,0.969,80.2,Loam
1.014,2.872,8.07,0.789,56.97,Silty
2.328,4.011,12.166,0.167,73.68,Loam
1.492,2.389,8.964,0.546,55.74,Loam
1.619,2.527,8.477,3.118,63.67,Silty
2.61,3.312,14.221,2.248,93.07,Clay
0.786,2.489,6.754,1.924,34.69,Silty
2.198,3.473,14.375,0.901,88.35,Loam
1.345,2.996,10.416,1.18,68.08,Loam
1.834,3.779,11.357,1.271,65.74,Loam
2.167,3.848,14.597,1.083,87.94,Clay
1.615,2.394,7.931,1.809,57.86,Silty
0.513,0.911,4.237,0.337,21.86,Sandy
0.961,1.565,5.292,0.129,33.99,Sandy
1.361,2.298,7.529,2.813,55.36,Loam
1.491,3.579,8.293,7.289,66.33,Loam
2.277,4.394,13.421,1.868,99.59,Clay
0.685,1.425,4.901,2.53,27.72,Sandy
0.068,0.722,2.698,0.344,11.25,Sandy
0.607,1.117,3.725,1.287,26.61,Sandy
0.556,1.849,3.552,0.32,25.4,Sandy
0.896,0.472,5.548,6.177,28.83,Silty
2.367,3.523,13.436,1.225,80.44,Loam
2.549,5.13,16.943,1.756,95.24,Clay
1.878,2.406,9.493,0.27,60.82,Loam
2.493,4.127,15.352,1.299,95.66,Clay
0.666,1.473,2.83,0.811,22.63,Sandy
1.938,3.473,12.228,2.081,70.15,Loam
1.955,2.648,10.88,0.923,60.66,Loam
2.069,2.929,10.569,1.189,68.52,Loam
2.319,4.401,13.997,0.804,91.01,Clay
1.482,2.585,6.775,2.735,53.63,Loam
0.856,2.04,9.034,3.247,50.28,Silty
2.152,2.588,10.993,0.825,64.94,Clay
1.98,3.506,10.152,1.39,67.16,Silty
0.594,1.324,3.322,0.044,22.73,Sandy
1.772,2.51,9.951,1.904,68.76,Loam
2.718,4.37,17.788,0.549,92.42,Clay
2.514,3.409,11.144,1.669,83.33,Clay
1.149,2.633,8.275,1.23,45.53,Silty
1.131,2.672,7.991,1.39,51.43,Silty
1.102,1.711,6.637,5.614,42.11,Silty
1.242,1.699,7.678,0.843,49.67,Loam
1.472,3.615,10.455,3.042,63.03,Loam
2.198,3.741,11.872,0.598,76.87,Clay
1.656,2.143,9.019,2.995,59.55,Loam
0.419,0.644,3.274,3.273,16.12,Sandy
1.525,2.4,8.192,1.016,57.13,Silty
1.065,1.824,6.056,2.223,42.15,Loam
1.455,2.42,9.616,0.542,56.43,Loam
1.634,2.699,10.891,1.496,61.25,Silty
1.657,2.559,12.578,1.965,73.62,Silty
1.234,2.842,7.755,1.598,51.78,Silty
2.49,3.336,13.843,1.572,96.97,Clay
2.579,3.078,11.918,0.16,88.06,Clay
2.018,3.431,13.274,0.324,73.53,Clay
2.421,3.844,13.823,1.377,86.4,Loam
1.013,2.047,5.022,4.886,41.49,Silty
0.205,1.381,3.395,0.188,23.28,Sandy
1.416,2.331,7.198,0.28,49.27,Silty
2.881,4.035,14.859,2.475,91.86,Clay
2.069,2.994,9.76,2.467,71.32,Loam
1.935,3.079,9.779,4.342,65.39,Silty
0.668,0.914,3.731,2.47,21.67,Sandy
1.162,1.959,8.053,1.059,44.48,Silty
2.779,3.93,13.543,4.372,102.25,Clay
1.681,2.543,9.129,3.061,60.37,Silty
0.401,1.526,4.592,2.654,25.68,Sandy
0.922,2.013,5.748,1.461,34.85,Sandy
1.025,1.379,4.986,0.751,32.01,Silty
1.733,3.075,9.142,1.89,61.54,Silty
1.526,3.145,8.245,1.32,62.7,Silty
1.471,2.138,8.422,1.538,51.88,Silty
1.099,2.966,7.881,0.664,43.39,Sandy
1.999,2.712,12.495,0.102,60.27,Loam
1.907,3.3,10.6,5.263,71.42,Clay
1.907,3.395,12.749,1.407,77.56,Silty
1.252,1.723,5.273,5.147,42.29,Silty
0.97,2.034,6.192,1.087,40.68,Silty
1.561,3.102,7.094,0.734,54.62,Loam
2.561,4.122,15.524,0.151,109.67,Clay
0.617,1.689,5.055,2.439,29.57,Sandy
2.133,3.001,11.864,0.191,77.6,Loam
1.921,2.858,13.502,0.873,75.43,Clay
0.562,0.847,2.286,2.153,16.27,Sandy
2.209,2.862,10.822,1.742,66.97,Clay
2.008,3.654,12.791,0.373,90.87,Clay
0.786,0.62,2.854,2.946,17.16,Sandy
1.783,2.372,7.333,0.766,60.18,Loam
1.607,2.805,8.034,0.859,55.01,Loam
1.725,3.035,10.051,1.207,65.96,Silty
2.199,4.122,15.403,19.999,89.54,Clay
0.739,1.093,5.235,1.407,28.93,Sandy
1.722,3.998,11.808,2.609,71.76,Loam
3.145,3.794,15.669,5.753,85.49,Clay
0.816,1.527,5.861,0.579,33.72,Sandy
0.517,1.574,4.55,6.752,25.4,Sandy
1.968,3.51,13.982,1.577,79.86,Loam
2.02,2.004,9.451,0.274,66.88,Loam
0.84,2.166,4.228,0.466,33.72,Silty
0.56,0.724,1.733,1.97,13.73,Sandy
2.318,2.903,13.482,1.487,81.54,Clay
1.71,2.9,10.258,0.55,68.67,Silty
1.626,2.95,10.81,1.361,72.85,Silty
1.284,2.742,7.252,0.348,49.36,Loam
1.733,3.549,9.963,1.613,73.78,Loam
2.176,3.752,9.898,0.481,61.1,Loam
0.495,2.016,3.117,1.56,25.13,Sandy
1.438,1.833,9.119,6.557,50.65,Silty
2.028,3.583,11.316,0.44,76.93,Silty
0.368,1.565,2.718,7.759,18.65,Sandy
1.483,3.259,12.09,0.565,63.93,Silty
1.004,1.699,4.798,1.077,28.74,Sandy
0.974,1.25,6.087,0.466,29.38,Sandy
1.51,2.89,10.111,0.32,57.59,Silty
0.549,0.747,3.007,0.052,17.35,Sandy
2.062,3.734,12.485,0.46,84.51,Silty
2.965,4.809,15.463,1.034,109.7,Clay
1.113,2.581,9.243,2.636,58.26,Silty
1.892,3.282,8.797,1.009,60.02,Clay
0.923,1.727,6.302,0.435,37.79,Sandy
1.448,2.842,7.399,0.264,55.97,Silty
0.893,2.096,7.283,2.468,43.16,Silty
1.083,2.973,9.609,6.112,59.35,Silty
2.356,2.676,12.839,1.999,79.1,Clay
1.989,3.513,12.568,3.607,74.78,Loam
1.685,3.201,10.261,0.426,66.25,Loam
0.64,1.568,5.311,1.567,28.44,Sandy
2.698,5.173,17.818,3.528,109.31,Loam
1.848,3.307,10.433,1.598,61.19,Loam
0.906,2.756,7.357,3.816,46.32,Silty
2.315,3.515,16.447,2.236,94.7,Clay
0.26,0.23,0.5,0.99,5.29,Sandy
0.203,0.1,0.5,1.631,4.36,Sandy
1.63,2.461,8.849,1.313,60.72,Silty
0.516,1.169,7.921,2.033,34.87,Silty
2.035,3.898,14.403,7.135,88.05,Loam
1.623,3.267,10.697,0.487,65.73,Silty
1.275,2.662,7.413,1.27,53.16,Silty
2.297,3.446,12.05,1.013,88.69,Clay
1.477,3.165,10.834,2.439,66.36,Silty
1.822,3.346,10.51,1.43,70.47,Clay
0.758,0.765,3.663,2.442,25.68,Sandy
0.927,0.891,3.411,2.012,28.8,Sandy
2.169,3.044,10.43,0.229,67.32,Loam
1.792,3.644,10.08,1.578,66.8,Loam
3.529,4.228,17.129,1.246,119.77,Clay
1.92,3.198,11.177,4.007,75.29,Silty
1.773,2.883,8.982,2.962,50.72,Silty
2.35,3.988,11.207,6.045,94.66,Clay
0.238,0.773,2.699,21.261,13.53,Sandy
2.174,2.091,9.644,1.186,65.94,Loam
1.482,3.091,7.687,1.091,51.33,Silty
1.957,3.112,11.591,0.919,74.88,Clay
2.251,3.592,10.778,2.281,87.64,Clay
1.641,2.17,9.259,1.268,57.3,Silty
0.178,0.391,2.074,0.205,8.49,Sandy
0.997,1.377,7.349,4.29,40.27,Sandy
0.682,1.365,3.838,9.423,26.74,Sandy
2.009,3.252,10.361,0.602,62.21,Clay
2.245,4.399,15.084,0.602,92.75,Clay
2.215,3.816,10.691,0.042,87.46,Clay
2.088,3.516,14.238,1.266,88.06,Clay
1.775,2.84,10.902,1.487,72.66,Silty
3.311,5.742,19.401,0.941,110.24,Clay
2.51,3.186,12.369,0.585,81.47,Loam
0.764,1.691,4.782,4.171,26.6,Sandy
0.498,0.969,3.615,0.855,17.96,Sandy
1.41,3.042,8.611,0.67,57.8,Loam
2.17,4.609,13.717,0.366,90.38,Loam
0.77,1.415,5.022,1.818,28.7,Sandy
1.951,2.551,7.781,1.432,53.76,Clay
1.829,3.123,9.881,1.408,66.65,Loam
2.318,4.543,11.379,1.636,82.99,Clay
1.224,1.989,7.239,0.184,44.58,Silty
2.31,3.579,13.865,0.102,80.62,Clay
1.338,2.742,9.488,1.643,53.16,Silty
2.307,4.147,14.26,0.377,84.3,Clay
1.248,2.961,7.682,2.0,49.71,Loam
2.904,4.943,16.854,0.223,110.68,Clay
2.103,2.8,14.736,5.483,80.47,Clay
1.365,2.138,8.364,1.002,50.83,Silty
2.345,4.162,13.005,3.518,85.83,Clay
0.842,1.315,4.375,6.476,26.93,Sandy
1.99,3.065,9.981,5.155,67.92,Silty
2.147,3.703,14.183,0.56,78.79,Clay
0.687,2.291,5.904,0.073,36.81,Sandy
0.756,1.243,4.948,0.237,31.89,Sandy
2.86,4.276,17.975,1.135,103.49,Clay
0.801,1.139,4.911,1.426,26.3,Sandy
2.654,4.092,15.38,0.888,98.89,Clay
1.345,3.328,9.926,1.8,54.4,Loam
0.975,1.42,4.947,1.274,33.06,Sandy
0.659,1.017,2.579,0.374,17.94,Sandy
1.504,2.604,9.347,0.828,58.02,Silty
1.766,2.456,10.674,3.154,62.3,Loam
1.674,3.295,11.086,0.955,68.89,Loam
0.763,1.376,5.173,1.361,32.43,Sandy
2.439,3.561,13.149,1.673,84.5,Clay
2.584,4.577,14.925,1.936,93.97,Clay
1.253,1.999,6.719,2.204,47.97,Silty
2.235,3.2,11.57,2.791,71.77,Clay
1.266,2.528,8.652,1.185,52.46,Silty
2.889,4.0,16.163,1.26,89.34,Clay
1.625,2.817,10.601,1.992,67.41,Loam
2.412,3.31,13.074,1.146,82.48,Loam
1.49,3.207,8.237,17.327,64.61,Loam
2.852,3.938,12.134,1.158,85.46,Clay
2.888,4.032,15.117,0.078,108.05,Clay
1.459,2.881,9.642,1.149,66.56,Loam
4.06,6.425,23.871,1.805,133.0,Clay
1.406,2.223,8.531,1.805,51.72,Silty
2.087,2.476,11.602,0.106,69.04,Clay
0.656,1.86,5.004,4.326,37.45,Sandy
1.893,3.57,11.744,1.339,70.21,Silty
2.144,2.552,9.734,0.439,66.4,Loam
1.13,2.411,7.547,1.597,46.07,Silty
1.861,3.379,11.935,0.97,73.61,Clay
1.432,2.239,9.767,1.321,51.25,Silty
1.623,3.14,9.455,2.02,60.8,Silty
0.869,1.143,5.047,0.026,31.54,Sandy
2.367,4.638,18.85,1.62,105.74,Clay
2.055,2.889,10.264,5.833,68.97,Clay
1.608,3.72,9.413,3.423,54.23,Silty
1.716,2.822,8.186,3.798,65.15,Loam
2.021,3.909,10.512,2.578,82.99,Loam
2.531,4.492,12.851,1.596,81.34,Clay
1.033,2.168,6.801,1.524,37.69,Sandy
2.209,3.641,12.777,4.293,83.51,Loam
1.491,2.167,9.593,0.227,57.67,Loam
1.244,2.327,8.17,3.476,53.82,Silty
2.679,3.764,15.925,9.515,100.95,Clay
1.92,3.208,12.426,2.553,81.59,Loam
0.304,0.471,1.6,1.483,10.27,Sandy
1.119,1.8,6.368,3.459,44.62,Sandy
0.674,1.652,4.265,1.721,28.39,Sandy
2.635,3.513,15.234,0.831,89.63,Clay
0.608,1.321,3.567,1.493,24.72,Sandy
2.404,3.945,11.744,3.06,86.27,Clay
1.803,1.637,7.324,0.706,48.9,Loam
2.207,2.702,13.346,2.029,68.09,Clay
0.493,0.935,3.893,0.605,24.72,Sandy
2.007,2.97,9.894,1.043,70.31,Loam
2.83,3.725,17.551,1.926,109.8,Clay
1.632,3.163,10.833,0.901,56.23,Loam
0.506,0.885,2.97,0.635,16.24,Sandy
0.711,1.844,5.669,3.478,32.17,Sandy
1.931,2.756,11.163,3.37,72.57,Loam
1.588,3.061,8.257,4.54,53.63,Silty
2.487,5.078,16.106,0.601,102.18,Clay
1.467,3.11,9.564,1.537,59.98,Silty
2.334,2.386,11.52,1.988,69.27,Clay
2.985,4.788,15.584,11.123,108.91,Clay
1.777,2.148,7.369,2.519,50.65,Silty
0.6,1.611,3.933,3.826,22.32,Sandy
1.794,2.572,10.851,0.934,60.44,Clay
0.611,1.127,2.911,24.269,20.46,Sandy
2.217,4.55,13.474,0.758,90.4,Clay
0.641,1.314,6.906,2.06,37.06,Loam
1.999,2.523,11.554,0.734,69.85,Loam
0.567,1.31,5.901,9.413,28.16,Sandy
1.157,2.229,7.747,0.749,47.21,Sandy
1.411,2.889,10.109,20.278,54.1,Silty
3.258,4.286,13.762,0.609,102.15,Clay
2.364,3.613,15.354,0.759,84.64,Clay
1.709,2.726,9.39,0.088,59.03,Silty
1.911,4.035,12.804,0.609,69.06,Clay
1.149,1.499,5.164,5.559,38.52,Silty
0.847,1.489,3.823,2.594,27.06,Sandy
2.859,4.004,15.68,1.715,103.18,Clay
1.794,2.362,9.166,0.243,63.48,Loam
0.436,1.199,3.335,4.029,20.52,Sandy
2.279,3.299,11.44,2.429,88.44,Clay
1.682,2.849,10.258,3.837,59.91,Clay
0.422,0.637,5.023,1.265,22.49,Sandy
1.84,2.752,11.207,1.623,67.27,Silty
2.759,4.136,16.207,2.705,106.51,Clay
1.246,2.442,10.902,1.643,53.37,Silty
1.821,3.235,8.44,1.697,54.5,Loam
0.371,0.668,4.136,0.315,18.44,Sandy
1.473,2.563,7.273,0.216,47.58,Loam
0.289,0.487,2.202,0.536,11.43,Sandy
1.59,3.669,10.084,3.046,69.96,Loam
1.687,3.198,10.746,3.466,65.21,Loam
1.992,3.226,12.756,1.331,71.46,Silty
0.698,0.874,4.373,5.705,26.11,Sandy
1.614,2.727,9.536,1.52,66.5,Silty
2.226,3.735,13.193,2.974,77.87,Clay
1.41,2.365,7.557,3.778,52.7,Silty
0.662,2.029,3.543,2.36,34.4,Sandy
2.051,4.702,15.37,1.554,87.28,Clay
1.648,2.565,8.338,3.171,56.56,Silty
0.957,2.36,6.051,1.888,45.56,Sandy
0.593,1.286,4.987,2.762,26.65,Sandy
2.61,3.465,15.838,1.781,87.1,Clay
0.269,0.633,2.783,3.095,13.34,Sandy
0.414,0.652,3.022,3.329,17.54,Sandy
1.836,2.795,12.826,1.535,62.43,Loam
0.791,1.597,3.397,0.209,28.08,Sandy
2.024,3.453,10.926,3.732,71.83,Loam
1.611,2.591,9.943,1.413,52.4,Silty
0.195,0.1,2.191,1.414,8.1,Sandy
1.609,3.493,10.02,1.32,76.67,Loam
2.815,4.557,13.973,1.469,104.36,Clay
2.901,4.014,16.327,0.916,98.61,Clay
2.216,2.156,12.574,1.094,76.05,Clay
2.005,2.926,9.511,1.955,69.26,Clay
1.639,2.502,7.509,13.309,57.5,Loam
2.649,3.993,16.253,3.51,80.78,Clay
1.681,3.396,9.926,3.75,56.81,Loam
0.668,1.041,4.689,0.721,21.95,Sandy
2.204,2.963,12.696,0.317,72.82,Clay
1.707,2.241,9.072,1.3,63.21,Silty
2.248,3.563,13.476,0.695,76.17,Clay
0.644,1.755,4.453,0.672,26.2,Sandy
1.615,2.58,8.839,1.356,54.71,Silty
0.835,0.644,2.809,2.041,20.39,Sandy
0.432,1.146,4.553,0.526,23.26,Sandy
2.009,3.268,10.202,1.149,62.87,Silty
2.499,3.701,14.924,1.522,93.97,Clay
1.229,2.595,8.689,2.466,52.86,Silty
2.016,4.782,15.693,0.71,101.95,Clay
2.633,4.579,19.821,10.792,105.86,Clay
2.422,4.676,17.238,0.979,98.41,Clay
1.477,2.334,9.473,1.342,62.2,Loam
1.282,2.573,9.897,1.727,53.69,Loam
2.566,3.338,12.665,13.08,81.97,Clay
1.744,3.142,11.47,0.148,68.15,Loam
2.694,3.628,15.87,0.997,93.44,Clay
0.209,0.866,3.396,5.736,16.12,Sandy
2.688,3.756,15.935,4.507,101.5,Clay
1.718,2.184,6.703,1.168,51.55,Loam
1.487,3.32,11.705,0.769,64.95,Clay
2.298,4.718,11.514,1.718,88.73,Loam
3.33,4.871,18.925,0.604,126.44,Clay
2.412,3.696,15.726,0.727,84.77,Clay
2.706,4.787,16.59,1.452,95.39,Clay
2.252,3.256,10.63,0.332,76.77,Loam
1.442,2.262,8.183,3.44,55.63,Silty
1.937,2.044,9.423,0.979,59.86,Clay
1.645,2.416,9.626,1.839,49.48,Loam
2.007,4.292,11.37,1.271,69.13,Clay
1.613,4.383,12.777,6.518,81.41,Clay
0.713,1.524,3.586,0.675,28.79,Sandy
1.813,3.032,13.291,2.42,72.18,Silty
1.933,3.236,13.344,2.704,76.85,Loam
1.584,2.256,9.019,0.136,57.58,Loam
1.49,2.783,9.715,0.948,52.02,Silty
1.842,3.305,10.84,4.406,75.06,Loam
2.494,3.354,10.493,3.035,77.28,Loam
0.541,1.473,4.089,0.717,25.42,Silty
1.524,3.364,10.182,5.563,58.53,Silty
1.357,2.478,5.883,0.96,42.41,Silty
2.295,4.187,12.618,1.469,80.86,Loam
1.728,3.354,11.912,2.039,72.08,Loam
2.051,2.945,11.125,1.089,55.46,Loam
1.724,3.6,10.403,2.436,67.91,Loam
1.688,3.63,14.043,1.292,79.71,Clay
2.198,3.72,12.992,4.58,79.07,Loam
1.982,2.025,8.403,2.339,54.86,Loam
1.865,2.307,8.395,2.079,60.46,Loam
2.472,3.53,15.522,0.38,89.55,Clay
2.066,2.86,10.771,0.897,65.65,Clay
1.751,2.93,9.942,0.291,70.87,Loam
2.841,3.748,17.037,0.576,97.55,Clay
2.937,4.205,14.187,2.726,103.29,Clay
2.466,4.624,17.258,0.443,98.57,Clay
2.279,4.384,13.828,0.302,97.27,Clay
1.487,2.076,8.43,0.722,56.05,Silty
1.393,2.153,8.905,3.054,48.39,Silty
1.236,2.812,8.987,1.253,53.46,Loam
2.57,5.28,14.959,9.8,102.73,Clay
1.985,3.172,11.896,0.718,77.84,Silty
1.698,2.872,8.904,2.071,56.82,Silty
2.123,2.941,10.571,2.852,67.38,Silty
2.124,2.779,10.448,1.655,68.31,Loam
2.141,3.364,13.995,0.833,91.03,Loam
1.748,4.354,10.142,0.379,77.8,Clay
1.647,2.571,10.928,5.39,65.16,Loam
1.721,3.172,11.868,18.986,66.1,Silty
1.829,3.72,13.03,3.473,73.45,Loam
1.714,2.457,9.521,2.062,70.79,Silty
2.23,3.336,11.085,0.489,68.38,Loam
2.23,5.09,16.5,4.514,115.9,Clay
1.884,2.6,9.315,1.118,71.25,Silty
2.419,3.919,12.843,1.253,87.45,Clay
2.354,3.434,13.809,1.373,88.59,Loam
0.574,1.006,5.109,2.494,24.14,Sandy
2.49,3.962,15.209,1.57,90.89,Clay
0.482,1.18,3.681,3.32,22.85,Sandy
2.164,3.227,11.134,1.358,73.6,Loam
0.917,2.501,6.308,0.963,42.27,Silty
2.085,3.034,12.039,1.404,59.67,Loam
1.338,2.241,10.256,2.872,57.16,Silty
1.479,2.197,8.65,17.846,57.06,Silty
2.888,3.744,16.976,0.195,109.29,Clay
2.731,3.025,11.515,0.405,79.95,Clay
1.57,2.969,12.696,0.134,76.85,Loam
1.445,2.402,11.465,0.472,66.98,Silty
1.88,3.693,12.467,2.472,76.18,Clay
1.725,2.336,10.676,2.1,68.52,Loam
0.447,1.637,3.623,3.127,23.18,Sandy
0.41,1.053,3.622,0.815,18.39,Sandy
1.163,2.449,5.102,12.777,42.66,Silty
1.778,3.791,10.282,4.582,70.61,Silty
0.852,1.37,5.656,1.255,33.99,Sandy
1.237,2.775,8.021,1.009,48.18,Silty
2.411,3.0,10.812,0.445,78.4,Clay
1.296,2.744,8.993,1.324,57.95,Loam
1.867,2.265,12.323,1.935,64.79,Loam
2.392,3.842,14.799,3.724,77.1,Clay
1.021,1.745,5.778,0.773,36.8,Silty
2.911,4.344,15.724,1.091,99.66,Clay
1.13,2.566,5.874,1.069,51.62,Silty
2.434,2.713,13.376,0.402,83.89,Clay
0.915,2.399,5.884,2.446,44.63,Silty
2.229,1.988,10.951,0.992,71.63,Clay
1.164,2.988,10.121,2.641,52.52,Silty
0.653,2.441,8.303,8.672,45.73,Silty
0.541,1.209,4.119,2.695,27.09,Sandy
1.214,2.48,7.085,1.315,47.89,Silty
2.151,4.137,12.417,1.598,76.03,Clay
2.85,3.488,14.809,0.8,94.06,Clay
0.301,1.425,3.333,2.579,20.28,Sandy
1.441,3.236,11.784,2.005,66.35,Silty
1.71,2.77,10.051,1.562,56.77,Loam
1.61,2.253,8.953,15.61,52.53,Loam
1.485,3.021,10.645,1.354,72.3,Silty
1.093,2.342,7.617,0.862,49.26,Silty
0.729,1.101,5.489,1.535,26.61,Sandy
0.805,1.261,5.174,2.082,31.08,Sandy
2.467,3.666,15.682,0.085,86.79,Loam
0.344,0.993,3.222,0.732,17.68,Sandy
1.659,4.331,10.625,0.084,74.75,Loam
0.679,1.184,5.126,1.543,27.98,Sandy
2.782,2.587,12.795,1.569,83.17,Clay
2.924,4.026,16.177,4.606,102.24,Clay
0.559,1.693,4.499,1.328,31.18,Sandy
0.427,1.356,2.379,4.142,19.6,Sandy
0.419,0.738,3.682,2.28,18.23,Sandy
3.108,3.961,15.199,0.625,111.89,Clay
0.351,0.89,1.376,0.816,12.21,Sandy
1.229,3.061,9.184,2.645,50.18,Silty
2.158,4.369,12.954,0.836,91.96,Clay
2.022,1.694,10.442,2.612,51.11,Loam
2.067,3.142,11.464,1.325,73.23,Loam
1.413,2.209,7.012,0.277,46.35,Loam
1.273,1.758,7.619,3.158,39.34,Silty
1.722,2.355,8.961,2.43,53.86,Loam
1.75,2.242,11.935,20.976,71.64,Loam
1.255,2.543,7.899,1.17,50.54,Silty
2.253,3.581,10.958,3.599,75.34,Clay
0.504,1.705,3.231,1.856,22.41,Sandy
2.257,2.68,12.516,5.526,70.04,Clay
0.434,1.114,3.524,2.589,17.88,Sandy
1.932,2.64,10.433,4.754,62.25,Loam
1.564,4.037,10.744,3.823,72.9,Loam
1.124,1.168,5.132,3.266,34.55,Sandy
0.609,1.173,4.0,0.894,21.28,Sandy
0.684,1.313,3.641,0.902,25.85,Sandy
1.187,1.175,6.839,2.669,41.13,Silty
0.641,1.082,5.76,0.112,27.33,Sandy
1.481,1.753,8.552,5.794,52.34,Silty
2.452,3.638,13.271,2.668,89.97,Loam
1.603,2.83,8.628,0.514,55.08,Silty
0.961,1.388,3.688,3.569,28.89,Sandy
2.718,4.465,12.098,1.089,84.09,Clay
1.458,3.252,11.255,1.68,65.83,Silty
2.369,3.431,11.562,0.559,72.99,Clay
0.672,1.799,4.482,0.691,29.25,Sandy
1.85,3.951,13.768,0.765,77.6,Clay
1.859,2.945,9.999,9.676,64.1,Loam
1.349,1.083,7.83,1.746,41.5,Loam
2.833,4.036,12.087,17.676,85.13,Clay
2.284,3.644,13.781,1.311,73.13,Loam
0.694,0.833,5.134,1.716,24.24,Sandy
1.929,3.583,11.525,0.75,71.79,Clay
1.042,2.568,6.778,0.289,44.64,Silty
1.742,3.508,11.994,1.448,73.0,Clay
0.289,0.725,2.75,4.909,17.94,Sandy
1.632,1.818,5.657,0.891,47.58,Silty
0.443,0.762,3.557,1.378,18.11,Sandy
0.745,1.336,4.419,0.069,25.71,Sandy
2.482,3.983,13.377,7.716,100.58,Clay
1.578,2.66,9.569,1.279,54.76,Silty
0.574,0.9,2.936,0.465,21.53,Sandy
1.029,2.043,7.362,4.652,43.97,Silty
2.774,3.232,17.086,0.153,100.63,Clay
2.472,3.831,12.606,0.363,90.03,Clay
2.162,4.025,14.029,12.734,85.32,Clay
1.878,3.295,10.172,0.326,74.68,Loam
1.438,2.921,8.941,4.474,55.85,Silty
1.058,2.68,7.318,0.289,40.87,Loam
2.444,3.951,14.743,3.034,99.01,Loam
1.855,2.321,9.711,1.27,59.58,Loam
1.992,1.762,12.376,1.158,66.44,Loam
2.666,4.095,19.25,1.277,103.84,Clay
2.573,3.203,13.068,2.043,78.31,Clay
1.806,3.34,12.2,1.455,69.28,Loam
0.279,1.145,3.225,0.473,20.84,Sandy
0.511,1.41,3.081,1.356,25.85,Sandy
1.666,2.41,10.15,1.074,61.85,Silty
2.219,3.317,11.847,0.194,79.15,Silty
2.1,2.64,12.255,0.367,76.95,Loam
1.801,3.057,11.141,1.584,75.25,Loam
2.67,2.705,16.071,1.601,81.89,Clay
2.325,3.387,12.597,5.792,73.03,Loam
1.123,2.433,7.317,1.179,41.24,Sandy
1.669,2.815,10.609,16.523,52.48,Loam
1.132,1.377,7.528,2.728,38.71,Silty
1.955,2.887,9.832,0.467,58.58,Silty
2.04,4.229,13.407,2.265,74.6,Loam
1.367,2.332,9.069,18.399,60.6,Silty
0.226,0.403,3.392,19.47,15.17,Sandy
0.763,1.689,5.558,0.946,27.91,Sandy
0.511,1.242,0.974,0.494,15.55,Sandy
1.504,2.399,9.261,0.564,58.24,Silty
0.509,0.994,2.051,1.546,17.62,Sandy
2.432,3.531,15.274,4.13,85.77,Loam
0.102,0.1,2.507,1.352,8.2,Sandy
0.647,1.556,6.257,3.449,35.74,Silty
0.179,0.597,2.23,2.15,10.08,Sandy
1.262,2.883,8.377,2.276,48.39,Silty
2.258,2.811,13.224,2.657,77.36,Clay
2.15,3.568,10.275,0.928,71.05,Clay
2.437,3.788,12.844,0.192,95.04,Loam
2.13,3.869,13.147,3.194,77.27,Clay
1.848,2.589,9.082,1.427,56.61,Silty
1.338,1.693,6.825,2.203,48.19,Loam
3.287,4.782,19.638,0.587,119.47,Clay
2.211,3.465,10.744,3.709,68.3,Clay
1.721,4.211,11.192,0.818,77.81,Silty
2.342,4.24,11.488,1.871,81.26,Clay
1.287,2.964,10.11,2.315,62.35,Silty
2.023,3.623,12.639,0.806,75.53,Silty
0.437,1.249,3.756,0.898,23.58,Sandy
2.804,5.126,18.759,1.817,109.8,Clay
0.901,2.988,5.969,0.377,43.29,Silty
1.26,2.093,8.148,0.52,50.26,Silty
1.078,2.479,6.535,0.663,43.23,Loam
1.671,3.095,10.446,1.787,66.4,Clay
1.571,2.266,8.077,1.994,57.04,Silty
2.259,3.479,15.821,0.319,69.76,Loam
0.698,1.893,5.251,1.161,29.27,Sandy
2.256,3.299,15.492,2.104,85.08,Clay
1.636,2.458,10.209,2.217,64.89,Silty
2.087,3.059,10.662,0.813,79.41,Silty
0.37,1.304,4.054,3.324,21.04,Sandy
0.747,1.658,5.715,0.391,25.91,Sandy
1.281,2.128,7.755,1.619,50.04,Loam
0.644,1.37,5.739,1.016,28.88,Sandy
1.783,4.033,12.619,0.254,78.04,Loam
0.904,0.418,4.383,0.486,22.24,Sandy
1.565,2.003,6.617,0.139,42.16,Silty
2.06,2.616,10.331,0.075,69.59,Loam
0.628,1.231,5.53,3.071,29.39,Sandy
2.125,3.634,11.195,3.918,87.6,Silty
1.993,2.961,10.03,0.821,69.73,Loam
3.136,5.347,16.998,2.293,111.2,Clay
0.861,1.983,5.858,21.098,32.5,Sandy
0.735,2.364,7.127,3.134,47.12,Silty
2.792,3.526,12.415,1.738,85.9,Loam
2.968,4.281,15.81,0.749,98.73,Clay
0.05,0.587,1.148,0.311,6.15,Sandy
2.29,3.617,14.328,2.699,94.04,Clay
0.604,1.531,5.846,1.114,33.45,Silty
2.105,2.388,10.134,1.209,64.81,Loam
1.984,4.787,13.994,1.326,83.34,Loam
0.533,1.224,3.298,5.959,23.69,Sandy
2.022,3.592,12.837,1.135,84.13,Loam
0.818,2.057,7.34,1.112,42.82,Sandy
1.441,3.497,8.9,0.414,62.62,Loam
0.744,0.77,5.068,4.138,27.03,Sandy
0.335,0.857,4.251,1.876,19.76,Sandy
1.903,3.174,11.736,1.027,71.87,Clay
1.208,1.516,6.608,3.58,36.78,Loam
2.49,3.736,12.934,0.753,88.77,Clay
2.34,3.898,13.997,0.441,77.67,Loam
1.548,3.473,11.278,0.842,68.16,Loam
1.426,2.534,9.814,1.982,50.97,Loam
1.135,2.019,6.464,2.265,45.42,Silty
1.587,2.88,7.89,0.637,51.28,Loam
1.738,3.554,9.87,2.01,64.3,Loam
